Workbook
Name Form_PPS_build: Нормы!$F$19
Name Form_PPS_v_major: Нормы!$F$15
Name Form_PPS_v_minor: Нормы!$F$16
Name ВидыНагр: Нормы!$C$72:$C$74
Name ВидыНагрузки: Нормы!$A$72:$A$74
Name ГруппыВесна: Списки!$P$2:$P$175
Name ГруппыВеснаКол: Списки!$O$177
Name ГруппыОсень: Списки!$H$2:$H$175
Name ГруппыОсеньКол: Списки!$G$177
Name ДисциплиныВесна: Списки!$L$2:$L$175
Name ДисциплиныВеснаКол: Списки!$K$177
Name ДисциплиныОсень: Списки!$D$2:$D$175
Name ДисциплиныОсеньКол: Списки!$C$177
Name ДолжностиППС: Нормы!$A$15:$A$22
Name ДолжностиППС_С: Нормы!$A$15:$A$22
Name ДопОбязанности: Нормы!$A$122:$A$124
Name ЗаданияВесна: весна!$D$5:$F$180
Name ЗаданияОсень: осень!$D$5:$F$180
Name ЗванияППС: Нормы!$C$26:$C$28
Name Институты: Нормы!$A$77:$A$82
Name Кафедры: Нормы!$A$86:$A$119
Name КлючВесна: весна!$C$5:$C$178
Name КлючОсень: осень!$C$5:$C$178
Name ОтраслиНаук: Нормы!$A$31:$A$53
Name Ставка: Нормы!$F$11
Name Ставка_С: Нормы!$F$12
Name СтепениППС: Нормы!$B$23:$B$25
Name Т_Должность: титул!$B$16
Name Т_Должность_С: титул!$F$16
Name Т_Звание: титул!$B$19
Name Т_Институт: титул!$B$8
Name Т_Кафедра: титул!$B$9
Name Т_Преподаватель: титул!$B$15
Name Т_Степень: титул!$B$18
Name Т_УчГод: титул!$B$11
Name Т_Форма: титул!$B$12
Name УровниООП: Нормы!$A$56:$A$62
Name Утв_Весна: титул!$A$40
Name Утв_Осень: титул!$A$39
Name Утв_План: титул!$A$38
Name ФормыООП: Нормы!$A$65:$A$69

Sheet Списки
A1: Осень.Дисциплины | E1: Осень.Группы | I1: Весна.Дисциплины | M1: Весна.Группы | R1: Служебный лист
A2: =TRIM(CLEAN(INDEX(ЗаданияОсень,ROW(A2)-1,1))) | B2: =IF(OR(A2="",COUNTIF(A$2:A2,A2)>1),B3+1,0) | C2: =INDEX(B$2:B$177,B2+1,1)+B2+1 | D2: =INDEX(ЗаданияОсень,C2,1) | E2: =TRIM(CLEAN(INDEX(ЗаданияОсень,ROW(E2)-1,2))) | F2: =IF(OR(E2="",COUNTIF(E$2:E2,E2)>1),F3+1,0) | G2: =INDEX(F$2:F$177,F2+1,1)+F2+1 | H2: =INDEX(ЗаданияОсень,G2,2) | I2: =TRIM(CLEAN(INDEX(ЗаданияВесна,ROW(I2)-1,1))) | J2: =IF(OR(I2="",COUNTIF(I$2:I2,I2)>1),J3+1,0) | K2: =INDEX(J$2:J$177,J2+1,1)+J2+1 | L2: =INDEX(ЗаданияВесна,K2,1) | M2: =TRIM(CLEAN(INDEX(ЗаданияВесна,ROW(M2)-1,2))) | N2: =IF(OR(M2="",COUNTIF(M$2:M2,M2)>1),N3+1,0) | O2: =INDEX(N$2:N$177,N2+1,1)+N2+1 | P2: =INDEX(ЗаданияВесна,O2,2)
A3: =TRIM(CLEAN(INDEX(ЗаданияОсень,ROW(A3)-1,1))) | B3: =IF(OR(A3="",COUNTIF(A$2:A3,A3)>1),B4+1,0) | C3: =INDEX(B$2:B$177,C2+1,1)+C2+1 | D3: =INDEX(ЗаданияОсень,C3,1) | E3: =TRIM(CLEAN(INDEX(ЗаданияОсень,ROW(E3)-1,2))) | F3: =IF(OR(E3="",COUNTIF(E$2:E3,E3)>1),F4+1,0) | G3: =INDEX(F$2:F$177,G2+1,1)+G2+1 | H3: =INDEX(ЗаданияОсень,G3,2) | I3: =TRIM(CLEAN(INDEX(ЗаданияВесна,ROW(I3)-1,1))) | J3: =IF(OR(I3="",COUNTIF(I$2:I3,I3)>1),J4+1,0) | K3: =INDEX(J$2:J$177,K2+1,1)+K2+1 | L3: =INDEX(ЗаданияВесна,K3,1) | M3: =TRIM(CLEAN(INDEX(ЗаданияВесна,ROW(M3)-1,2))) | N3: =IF(OR(M3="",COUNTIF(M$2:M3,M3)>1),N4+1,0) | O3: =INDEX(N$2:N$177,O2+1,1)+O2+1 | P3: =INDEX(ЗаданияВесна,O3,2)
A4: =TRIM(CLEAN(INDEX(ЗаданияОсень,ROW(A4)-1,1))) | B4: =IF(OR(A4="",COUNTIF(A$2:A4,A4)>1),B5+1,0) | C4: =INDEX(B$2:B$177,C3+1,1)+C3+1 | D4: =INDEX(ЗаданияОсень,C4,1) | E4: =TRIM(CLEAN(INDEX(ЗаданияОсень,ROW(E4)-1,2))) | F4: =IF(OR(E4="",COUNTIF(E$2:E4,E4)>1),F5+1,0) | G4: =INDEX(F$2:F$177,G3+1,1)+G3+1 | H4: =INDEX(ЗаданияОсень,G4,2) | I4: =TRIM(CLEAN(INDEX(ЗаданияВесна,ROW(I4)-1,1))) | J4: =IF(OR(I4="",COUNTIF(I$2:I4,I4)>1),J5+1,0) | K4: =INDEX(J$2:J$177,K3+1,1)+K3+1 | L4: =INDEX(ЗаданияВесна,K4,1) | M4: =TRIM(CLEAN(INDEX(ЗаданияВесна,ROW(M4)-1,2))) | N4: =IF(OR(M4="",COUNTIF(M$2:M4,M4)>1),N5+1,0) | O4: =INDEX(N$2:N$177,O3+1,1)+O3+1 | P4: =INDEX(ЗаданияВесна,O4,2)
A5: =TRIM(CLEAN(INDEX(ЗаданияОсень,ROW(A5)-1,1))) | B5: =IF(OR(A5="",COUNTIF(A$2:A5,A5)>1),B6+1,0) | C5: =INDEX(B$2:B$177,C4+1,1)+C4+1 | D5: =INDEX(ЗаданияОсень,C5,1) | E5: =TRIM(CLEAN(INDEX(ЗаданияОсень,ROW(E5)-1,2))) | F5: =IF(OR(E5="",COUNTIF(E$2:E5,E5)>1),F6+1,0) | G5: =INDEX(F$2:F$177,G4+1,1)+G4+1 | H5: =INDEX(ЗаданияОсень,G5,2) | I5: =TRIM(CLEAN(INDEX(ЗаданияВесна,ROW(I5)-1,1))) | J5: =IF(OR(I5="",COUNTIF(I$2:I5,I5)>1),J6+1,0) | K5: =INDEX(J$2:J$177,K4+1,1)+K4+1 | L5: =INDEX(ЗаданияВесна,K5,1) | M5: =TRIM(CLEAN(INDEX(ЗаданияВесна,ROW(M5)-1,2))) | N5: =IF(OR(M5="",COUNTIF(M$2:M5,M5)>1),N6+1,0) | O5: =INDEX(N$2:N$177,O4+1,1)+O4+1 | P5: =INDEX(ЗаданияВесна,O5,2)
A6: =TRIM(CLEAN(INDEX(ЗаданияОсень,ROW(A6)-1,1))) | B6: =IF(OR(A6="",COUNTIF(A$2:A6,A6)>1),B7+1,0) | C6: =INDEX(B$2:B$177,C5+1,1)+C5+1 | D6: =INDEX(ЗаданияОсень,C6,1) | E6: =TRIM(CLEAN(INDEX(ЗаданияОсень,ROW(E6)-1,2))) | F6: =IF(OR(E6="",COUNTIF(E$2:E6,E6)>1),F7+1,0) | G6: =INDEX(F$2:F$177,G5+1,1)+G5+1 | H6: =INDEX(ЗаданияОсень,G6,2) | I6: =TRIM(CLEAN(INDEX(ЗаданияВесна,ROW(I6)-1,1))) | J6: =IF(OR(I6="",COUNTIF(I$2:I6,I6)>1),J7+1,0) | K6: =INDEX(J$2:J$177,K5+1,1)+K5+1 | L6: =INDEX(ЗаданияВесна,K6,1) | M6: =TRIM(CLEAN(INDEX(ЗаданияВесна,ROW(M6)-1,2))) | N6: =IF(OR(M6="",COUNTIF(M$2:M6,M6)>1),N7+1,0) | O6: =INDEX(N$2:N$177,O5+1,1)+O5+1 | P6: =INDEX(ЗаданияВесна,O6,2)
A7: =TRIM(CLEAN(INDEX(ЗаданияОсень,ROW(A7)-1,1))) | B7: =IF(OR(A7="",COUNTIF(A$2:A7,A7)>1),B8+1,0) | C7: =INDEX(B$2:B$177,C6+1,1)+C6+1 | D7: =INDEX(ЗаданияОсень,C7,1) | E7: =TRIM(CLEAN(INDEX(ЗаданияОсень,ROW(E7)-1,2))) | F7: =IF(OR(E7="",COUNTIF(E$2:E7,E7)>1),F8+1,0) | G7: =INDEX(F$2:F$177,G6+1,1)+G6+1 | H7: =INDEX(ЗаданияОсень,G7,2) | I7: =TRIM(CLEAN(INDEX(ЗаданияВесна,ROW(I7)-1,1))) | J7: =IF(OR(I7="",COUNTIF(I$2:I7,I7)>1),J8+1,0) | K7: =INDEX(J$2:J$177,K6+1,1)+K6+1 | L7: =INDEX(ЗаданияВесна,K7,1) | M7: =TRIM(CLEAN(INDEX(ЗаданияВесна,ROW(M7)-1,2))) | N7: =IF(OR(M7="",COUNTIF(M$2:M7,M7)>1),N8+1,0) | O7: =INDEX(N$2:N$177,O6+1,1)+O6+1 | P7: =INDEX(ЗаданияВесна,O7,2)
A8: =TRIM(CLEAN(INDEX(ЗаданияОсень,ROW(A8)-1,1))) | B8: =IF(OR(A8="",COUNTIF(A$2:A8,A8)>1),B9+1,0) | C8: =INDEX(B$2:B$177,C7+1,1)+C7+1 | D8: =INDEX(ЗаданияОсень,C8,1) | E8: =TRIM(CLEAN(INDEX(ЗаданияОсень,ROW(E8)-1,2))) | F8: =IF(OR(E8="",COUNTIF(E$2:E8,E8)>1),F9+1,0) | G8: =INDEX(F$2:F$177,G7+1,1)+G7+1 | H8: =INDEX(ЗаданияОсень,G8,2) | I8: =TRIM(CLEAN(INDEX(ЗаданияВесна,ROW(I8)-1,1))) | J8: =IF(OR(I8="",COUNTIF(I$2:I8,I8)>1),J9+1,0) | K8: =INDEX(J$2:J$177,K7+1,1)+K7+1 | L8: =INDEX(ЗаданияВесна,K8,1) | M8: =TRIM(CLEAN(INDEX(ЗаданияВесна,ROW(M8)-1,2))) | N8: =IF(OR(M8="",COUNTIF(M$2:M8,M8)>1),N9+1,0) | O8: =INDEX(N$2:N$177,O7+1,1)+O7+1 | P8: =INDEX(ЗаданияВесна,O8,2)
A9: =TRIM(CLEAN(INDEX(ЗаданияОсень,ROW(A9)-1,1))) | B9: =IF(OR(A9="",COUNTIF(A$2:A9,A9)>1),B10+1,0) | C9: =INDEX(B$2:B$177,C8+1,1)+C8+1 | D9: =INDEX(ЗаданияОсень,C9,1) | E9: =TRIM(CLEAN(INDEX(ЗаданияОсень,ROW(E9)-1,2))) | F9: =IF(OR(E9="",COUNTIF(E$2:E9,E9)>1),F10+1,0) | G9: =INDEX(F$2:F$177,G8+1,1)+G8+1 | H9: =INDEX(ЗаданияОсень,G9,2) | I9: =TRIM(CLEAN(INDEX(ЗаданияВесна,ROW(I9)-1,1))) | J9: =IF(OR(I9="",COUNTIF(I$2:I9,I9)>1),J10+1,0) | K9: =INDEX(J$2:J$177,K8+1,1)+K8+1 | L9: =INDEX(ЗаданияВесна,K9,1) | M9: =TRIM(CLEAN(INDEX(ЗаданияВесна,ROW(M9)-1,2))) | N9: =IF(OR(M9="",COUNTIF(M$2:M9,M9)>1),N10+1,0) | O9: =INDEX(N$2:N$177,O8+1,1)+O8+1 | P9: =INDEX(ЗаданияВесна,O9,2)
A10: =TRIM(CLEAN(INDEX(ЗаданияОсень,ROW(A10)-1,1))) | B10: =IF(OR(A10="",COUNTIF(A$2:A10,A10)>1),B11+1,0) | C10: =INDEX(B$2:B$177,C9+1,1)+C9+1 | D10: =INDEX(ЗаданияОсень,C10,1) | E10: =TRIM(CLEAN(INDEX(ЗаданияОсень,ROW(E10)-1,2))) | F10: =IF(OR(E10="",COUNTIF(E$2:E10,E10)>1),F11+1,0) | G10: =INDEX(F$2:F$177,G9+1,1)+G9+1 | H10: =INDEX(ЗаданияОсень,G10,2) | I10: =TRIM(CLEAN(INDEX(ЗаданияВесна,ROW(I10)-1,1))) | J10: =IF(OR(I10="",COUNTIF(I$2:I10,I10)>1),J11+1,0) | K10: =INDEX(J$2:J$177,K9+1,1)+K9+1 | L10: =INDEX(ЗаданияВесна,K10,1) | M10: =TRIM(CLEAN(INDEX(ЗаданияВесна,ROW(M10)-1,2))) | N10: =IF(OR(M10="",COUNTIF(M$2:M10,M10)>1),N11+1,0) | O10: =INDEX(N$2:N$177,O9+1,1)+O9+1 | P10: =INDEX(ЗаданияВесна,O10,2)
A11: =TRIM(CLEAN(INDEX(ЗаданияОсень,ROW(A11)-1,1))) | B11: =IF(OR(A11="",COUNTIF(A$2:A11,A11)>1),B12+1,0) | C11: =INDEX(B$2:B$177,C10+1,1)+C10+1 | D11: =INDEX(ЗаданияОсень,C11,1) | E11: =TRIM(CLEAN(INDEX(ЗаданияОсень,ROW(E11)-1,2))) | F11: =IF(OR(E11="",COUNTIF(E$2:E11,E11)>1),F12+1,0) | G11: =INDEX(F$2:F$177,G10+1,1)+G10+1 | H11: =INDEX(ЗаданияОсень,G11,2) | I11: =TRIM(CLEAN(INDEX(ЗаданияВесна,ROW(I11)-1,1))) | J11: =IF(OR(I11="",COUNTIF(I$2:I11,I11)>1),J12+1,0) | K11: =INDEX(J$2:J$177,K10+1,1)+K10+1 | L11: =INDEX(ЗаданияВесна,K11,1) | M11: =TRIM(CLEAN(INDEX(ЗаданияВесна,ROW(M11)-1,2))) | N11: =IF(OR(M11="",COUNTIF(M$2:M11,M11)>1),N12+1,0) | O11: =INDEX(N$2:N$177,O10+1,1)+O10+1 | P11: =INDEX(ЗаданияВесна,O11,2)
A12: =TRIM(CLEAN(INDEX(ЗаданияОсень,ROW(A12)-1,1))) | B12: =IF(OR(A12="",COUNTIF(A$2:A12,A12)>1),B13+1,0) | C12: =INDEX(B$2:B$177,C11+1,1)+C11+1 | D12: =INDEX(ЗаданияОсень,C12,1) | E12: =TRIM(CLEAN(INDEX(ЗаданияОсень,ROW(E12)-1,2))) | F12: =IF(OR(E12="",COUNTIF(E$2:E12,E12)>1),F13+1,0) | G12: =INDEX(F$2:F$177,G11+1,1)+G11+1 | H12: =INDEX(ЗаданияОсень,G12,2) | I12: =TRIM(CLEAN(INDEX(ЗаданияВесна,ROW(I12)-1,1))) | J12: =IF(OR(I12="",COUNTIF(I$2:I12,I12)>1),J13+1,0) | K12: =INDEX(J$2:J$177,K11+1,1)+K11+1 | L12: =INDEX(ЗаданияВесна,K12,1) | M12: =TRIM(CLEAN(INDEX(ЗаданияВесна,ROW(M12)-1,2))) | N12: =IF(OR(M12="",COUNTIF(M$2:M12,M12)>1),N13+1,0) | O12: =INDEX(N$2:N$177,O11+1,1)+O11+1 | P12: =INDEX(ЗаданияВесна,O12,2)
A13: =TRIM(CLEAN(INDEX(ЗаданияОсень,ROW(A13)-1,1))) | B13: =IF(OR(A13="",COUNTIF(A$2:A13,A13)>1),B14+1,0) | C13: =INDEX(B$2:B$177,C12+1,1)+C12+1 | D13: =INDEX(ЗаданияОсень,C13,1) | E13: =TRIM(CLEAN(INDEX(ЗаданияОсень,ROW(E13)-1,2))) | F13: =IF(OR(E13="",COUNTIF(E$2:E13,E13)>1),F14+1,0) | G13: =INDEX(F$2:F$177,G12+1,1)+G12+1 | H13: =INDEX(ЗаданияОсень,G13,2) | I13: =TRIM(CLEAN(INDEX(ЗаданияВесна,ROW(I13)-1,1))) | J13: =IF(OR(I13="",COUNTIF(I$2:I13,I13)>1),J14+1,0) | K13: =INDEX(J$2:J$177,K12+1,1)+K12+1 | L13: =INDEX(ЗаданияВесна,K13,1) | M13: =TRIM(CLEAN(INDEX(ЗаданияВесна,ROW(M13)-1,2))) | N13: =IF(OR(M13="",COUNTIF(M$2:M13,M13)>1),N14+1,0) | O13: =INDEX(N$2:N$177,O12+1,1)+O12+1 | P13: =INDEX(ЗаданияВесна,O13,2)
A14: =TRIM(CLEAN(INDEX(ЗаданияОсень,ROW(A14)-1,1))) | B14: =IF(OR(A14="",COUNTIF(A$2:A14,A14)>1),B15+1,0) | C14: =INDEX(B$2:B$177,C13+1,1)+C13+1 | D14: =INDEX(ЗаданияОсень,C14,1) | E14: =TRIM(CLEAN(INDEX(ЗаданияОсень,ROW(E14)-1,2))) | F14: =IF(OR(E14="",COUNTIF(E$2:E14,E14)>1),F15+1,0) | G14: =INDEX(F$2:F$177,G13+1,1)+G13+1 | H14: =INDEX(ЗаданияОсень,G14,2) | I14: =TRIM(CLEAN(INDEX(ЗаданияВесна,ROW(I14)-1,1))) | J14: =IF(OR(I14="",COUNTIF(I$2:I14,I14)>1),J15+1,0) | K14: =INDEX(J$2:J$177,K13+1,1)+K13+1 | L14: =INDEX(ЗаданияВесна,K14,1) | M14: =TRIM(CLEAN(INDEX(ЗаданияВесна,ROW(M14)-1,2))) | N14: =IF(OR(M14="",COUNTIF(M$2:M14,M14)>1),N15+1,0) | O14: =INDEX(N$2:N$177,O13+1,1)+O13+1 | P14: =INDEX(ЗаданияВесна,O14,2)
... A175: =TRIM(CLEAN(INDEX(ЗаданияОсень,ROW(A175)-1,1))) | B175: =IF(OR(A175="",COUNTIF(A$2:A175,A175)>1),B176+1,0) | C175: =INDEX(B$2:B$177,C174+1,1)+C174+1 | D175: =INDEX(ЗаданияОсень,C175,1) | E175: =TRIM(CLEAN(INDEX(ЗаданияОсень,ROW(E175)-1,2))) | F175: =IF(OR(E175="",COUNTIF(E$2:E175,E175)>1),F176+1,0) | G175: =INDEX(F$2:F$177,G174+1,1)+G174+1 | H175: =INDEX(ЗаданияОсень,G175,2) | I175: =TRIM(CLEAN(INDEX(ЗаданияВесна,ROW(I175)-1,1))) | J175: =IF(OR(I175="",COUNTIF(I$2:I175,I175)>1),J176+1,0) | K175: =INDEX(J$2:J$177,K174+1,1)+K174+1 | L175: =INDEX(ЗаданияВесна,K175,1) | M175: =TRIM(CLEAN(INDEX(ЗаданияВесна,ROW(M175)-1,2))) | N175: =IF(OR(M175="",COUNTIF(M$2:M175,M175)>1),N176+1,0) | O175: =INDEX(N$2:N$177,O174+1,1)+O174+1 | P175: =INDEX(ЗаданияВесна,O175,2)
B177: -1 | C177: =COUNTIF(B2:B175,0) | F177: -1 | G177: =COUNTIF(F2:F175,0) | J177: -1 | K177: =COUNTIF(J2:J175,0) | N177: -1 | O177: =COUNTIF(N2:N175,0)

Sheet Нормы
A1: Должность | B1: Степень | C1: Звание | D1: Код | E1: Норма | F1: Мин | G1: Макс | H1: Пояснение | K1: Служебный лист
D2: =SUMIF(A$15:A$22,A2,D$15:D$22)+SUMIF(B$23:B$25,B2,D$23:D$25)+SUMIF(C$26:C$28,C2,D$26:D$28) | E2: =F2 | F2: 0 | G2: 0 | H2: Никто, такого не бывает
A3: Ассистент | D3: =SUMIF(A$15:A$22,A3,D$15:D$22)+SUMIF(B$23:B$25,B3,D$23:D$25)+SUMIF(C$26:C$28,C3,D$26:D$28) | E3: =F3 | F3: 900 | G3: 900 | H3: введено 2018 г., вне зависимости от звания, степени
A4: Преподаватель | D4: =SUMIF(A$15:A$22,A4,D$15:D$22)+SUMIF(B$23:B$25,B4,D$23:D$25)+SUMIF(C$26:C$28,C4,D$26:D$28) | E4: =F4 | F4: 900 | G4: 900 | H4: введено 2018 г., вне зависимости от звания, степени
A5: Старший преподаватель | D5: =SUMIF(A$15:A$22,A5,D$15:D$22)+SUMIF(B$23:B$25,B5,D$23:D$25)+SUMIF(C$26:C$28,C5,D$26:D$28) | E5: =F5 | F5: 880 | G5: 884 | H5: введено 2018 г., вне зависимости от звания, степени
A6: Доцент | D6: =SUMIF(A$15:A$22,A6,D$15:D$22)+SUMIF(B$23:B$25,B6,D$23:D$25)+SUMIF(C$26:C$28,C6,D$26:D$28) | E6: =F6 | F6: 850 | G6: 854 | H6: введено 2018 г., вне зависимости от звания, степени
A7: Профессор | D7: =SUMIF(A$15:A$22,A7,D$15:D$22)+SUMIF(B$23:B$25,B7,D$23:D$25)+SUMIF(C$26:C$28,C7,D$26:D$28) | E7: =F7 | F7: 800 | G7: 803 | H7: введено 2018 г., вне зависимости от звания, степени
A8: Зав. кафедрой | D8: =SUMIF(A$15:A$22,A8,D$15:D$22)+SUMIF(B$23:B$25,B8,D$23:D$25)+SUMIF(C$26:C$28,C8,D$26:D$28) | E8: =F8 | F8: 450 | G8: 452 | H8: введено 2018 г. (невыпускающей)
A9: Зав. выпускающей кафедрой | D9: =SUMIF(A$15:A$22,A9,D$15:D$22)+SUMIF(B$23:B$25,B9,D$23:D$25)+SUMIF(C$26:C$28,C9,D$26:D$28) | E9: =F9 | F9: 300 | G9: 301 | H9: введено 2018 г.
F10: На ставку
A11: =IF(Т_Должность="","",Т_Должность) | B11: =IF(COUNTIF(Т_Степень,"кандидат*наук")>0,"кандидат наук",IF(COUNTIF(Т_Степень,"доктор*наук")>0,"доктор наук","")) | C11: =IF(Т_Звание="","",Т_Звание) | D11: =SUMIF(A$15:A$22,A11,D$15:D$22)+SUMIF(B$23:B$25,B11,D$23:D$25)+SUMIF(C$26:C$28,C11,D$26:D$28) | E11: =INDEX(E2:E9,MATCH(D11,D2:D9,1)) | F11: =E11 | H11: основное
A12: =IF(Т_Должность_С="","",Т_Должность_С) | B12: =IF(COUNTIF(Т_Степень,"кандидат*наук")>0,"кандидат наук",IF(COUNTIF(Т_Степень,"доктор*наук")>0,"доктор наук","")) | C12: =IF(Т_Звание="","",Т_Звание) | D12: =SUMIF(A$15:A$22,A12,D$15:D$22)+SUMIF(B$23:B$25,B12,D$23:D$25)+SUMIF(C$26:C$28,C12,D$26:D$28) | E12: =INDEX(E2:E9,MATCH(D12,D2:D9,1)) | F12: =E12 | H12: совмещение
A14: Должность | B14: Степень | C14: Звание | D14: Код | F14: версия
A15: зав. выпускающей кафедрой | D15: 700 | F15: 13
A16: зав. кафедрой | D16: 600 | F16: 2
A17: профессор | D17: 500
A18: доцент | D18: 400 | F18: сборка
A19: старший преподаватель | D19: 300 | F19: G
A20: преподаватель | D20: 200
A21: ассистент | D21: 100
A22: (нет) | D22: 0
B23: доктор наук | D23: 20
B24: кандидат наук | D24: 10
B25: (нет) | D25: 0
C26: профессор | D26: 2
C27: доцент | D27: 1
C28: (нет) | D28: 0 | F28: =ЕСЛИ(титул!B17="";"";ЕСЛИ(ЕОШ(НАЙТИ(" ";титул!B17;1));титул!B17;ПСТР(титул!B17;1;НАЙТИ(" ";титул!B17;1)-1)))
A30: Отрасли наук
A31: архитектуры
A32: биологических
A33: ветеринарных
A34: военных
A35: географических
A36: геолого-минералогических
A37: искусствоведения
A38: исторических
A39: культурологии
A40: медицинских
A41: педагогических
... A69: экстернат
A71: ВидыНагрузки | C71: ВидыНагр
A72: основное | C72: осн.
A73: совмещение | C73: совм.
A74: почасовая | C74: почас.
A76: Институты | C76: ИнстСокр | D76: Инст№
A77: государства и права | C77: ИГиП | D77: 1
A78: гуманитарного образования и спорта | C78: ИГОиС | D78: 2
A79: естественных и технических наук | C79: ИЕиТН | D79: 3
A80: медицинский | C80: МИ | D80: 5
A81: политехнический | C81: ПИ | D81: 6
A82: экономики и управления | C82: ИЭиУ | D82: 4
A83: среднего медицинского образования | C83: ИСМО
A85: Кафедры | F85: Инст№ | G85: № | H85: Название | I85: Заведующий
A86: =H86 & " (" & G86 & ")" | F86: 6 | G86: 48 | H86: Автоматизированных систем обработки информации и управления | I86: Бушмелева Кия Иннокентьевна
A87: =H87 & " (" & G87 & ")" | F87: 6 | G87: 24 | H87: Автоматики и компьютерных систем | I87: Запевалов Андрей Валентинович
A88: =H88 & " (" & G88 & ")" | F88: 5 | G88: 25 | H88: Акушерства, гинекологии и перинатологии | I88: Белоцерковцева Лариса Дмитриевна
A89: =H89 & " (" & G89 & ")" | F89: 3 | G89: 49 | H89: Безопасности жизнедеятельности | I89: Кузнецова Юлия Вадимовна
A90: =H90 & " (" & G90 & ")" | F90: 3 | G90: 16 | H90: Биологии и биотехнологий | I90: Берников Кирилл Александрович
A91: =H91 & " (" & G91 & ")" | F91: 5 | G91: 14 | H91: Внутренних болезней | I91: Арямкина Ольга Леонидовна
A92: =H92 & " (" & G92 & ")" | F92: 4 | G92: 45 | H92: Государственного и муниципального управления и управления персоналом | I92: Хадасевич Наиля Ракиповна
A93: =H93 & " (" & G93 & ")" | F93: 5 | G93: 63 | H93: Детских болезней | I93: Тепляков Андрей Александрович
A94: =H94 & " (" & G94 & ")" | F94: 2 | G94: 4 | H94: Иностранных языков | I94: Сергиенко Наталья Анатольевна
A95: =H95 & " (" & G95 & ")" | F95: 6 | G95: 19 | H95: Информатики и вычислительной техники | I95: Лысенкова Светлана Александровна
A96: =H96 & " (" & G96 & ")" | F96: 2 | G96: 15 | H96: Истории России | I96: Кирилюк Денис Валериевич
A97: =H97 & " (" & G97 & ")" | F97: 5 | G97: 65 | H97: Кардиологии | I97: Урванцева Ирина Александровна
... A119: =H119 & " (" & G119 & ")" | F119: 6 | G119: 3 | H119: Экспериментальной физики | I119: Ельников Андрей Владимирович
A121: ДопОбязанности | B121: Скидка (часов)
A122: * профорг университета | B122: 50
A123: * профорг института | B123: 50
B124: 0

Sheet Инфо
A1: Краткая инструкция по работе с системой планирования и учета учебной нагрузки преподавателя
A2: Уважаемые коллеги! Данный продукт изначально разрабатывался для личных целей и впоследствии был доработан для использования всеми преподавателями СурГУ, поэтому при разработке не преследовалась цель обеспечения максимальных потребительских качеств, функциональности и надежности, тем более, что Microsoft Excel не обладает для этого достаточными возможностями. Для обеспечения адекватного функционирования системы необходимо соблюдать приведенные ниже правила. Пренебрежение ими может повлечь нарушения вычислений и индикации ошибок при учете фактически выполненной преподавателем работы.
A3: 1 | B3: При открытии данного шаблона тетради, автоматически создается новый документ, который требуется сохранить с новым именем и расширением ".xlsx". В имени файла рекомендуется указать NN - номер кафедры, а также "(заоч)" для тетради по заочной (очно-заочной) форме. Например: "Тетрадь ППС 2021-2022 каф.24 Гришмановский ПВ (заоч).xlsx".
A4: 2 | B4: Первым этапом использования системы является обязательное заполнение листов: - титул - титульный лист, содержащий исходные данные и общие показатели; - осень - план учебной работы на осенний семестр; - весна - план учебной работы на весенний семестр.
A5: 3 | B5: Учет по очной и другим формам обучения, а также учет нагрузки по разным кафедрам, ведется в отдельных электронных тетрадях (в отдельных файлах). Кафедра и форма обучения указываются на титульном листе.
A6: 4 | B6: Учет всех видов нагрузки (по основному месту работы, по совместительству, с почасовой оплатой) по одной кафедре ведется в одной электронной тетради.
A7: 5 | B7: В течение учебного года ежемесячно заполняются листы: - 09, 10, 11, 12, 01 - месяцы осеннего семестра; - 02, 03, 04, 05, 06 - месяцы весеннего семестра; - 07, 08 - для преподавателей, имеющих учебную нагрузку в июле и августе (весенний семестр).
A8: 6 | B8: Лист "карточка" отражает плановую и фактическую нагрузку непосредственно при изменении данных на других листах (ничего считать и вписывать самостоятельно на этом листе не нужно).
A9: 7 | B9: Фактически выполненная работа соотносится с плановой при одновременном совпадении на листах плана ("осень" и "весна") и месяца ("09"-"01" и "02"-"08") совокупности ключевых атрибутов: - Дисциплина, вид учебной работы; - Группа (институт, направление, профиль или специальность, уровень, курс); - Вид нагрузки. Группа может быть указана по ее номеру или в виде шифра, указанного в нагрузке по кафедре, выданной УМУ, но в одной тетради следует строго придерживаться одного варианта.
A10: 8 | B10: Если на листе плана ("осень", "весна") в двух или более строках указаны совпадающие ключевые атрибуты, то они выделяются фоном желтого цвета. Такие строки считаются ошибочными и не учитываются в расчетах.
A11: 9 | B11: Если ключевые атрибуты на листе месяца не совпадают ни с одной записью на листе плана, то они выделяются фоном желтого цвета, а часы, указанные в этой строке - красным. Такие часы считаются ошибочными, подсчитываются отдельно в верхней части листа и не суммируются при подведении итогов.
A12: 10 | B12: Поля "Число месяца", "Подгруппа", "Количество студентов", "Тема занятия" и "Примечания" на листах месяцев введены для повышения информативности и не учитываются в расчетах.
A13: 11 | B13: В случае выполнения работ, изначально не предусмотренных планом, соответствующие данные должны быть внесены на листе плана ("осень", "весна") без указания запланированного объема. После этого могут быть указаны фактические значения выполненной работы на соответствующих листах в зависимости от вида и сроков выпонения работы.
A14: 12 | B14: НЕ ДОПУСКАЕТСЯ использование перетаскивания мышью ячеек на листах - это приведет к нарушению расчетов (особенность MS Excel). Вместо этого следует пользоваться специальными командами копирования (не вырезания!) и вставки (см. п. 13).
... A16: 14 | B16: При печати листов "осень" и "весна", листов по месяцам ("09"-"01" и "02"-"08"), рекомендуется ограничивать количество выводимых страниц, чтобы избежать печати страниц, которые не содержат данных (всего предусмотрено по 4 страницы на план каждого семестра и по 6 страниц на каждый месяц). Для определения количества заполненных страниц можно использовать предварительный просмотр перед печатью.
A18: По всем техническим вопросам (т.е. связанным с функционированием данной системы) следует обращаться к Гришмановскому Павлу Валерьевичу по электронной почте grishmanovskiy_pv@surgu.ru с указанием в теме письма "Тетрадь ППС". (ПРОСТО КЛИКНИТЕ МЫШЬЮ В ЭТОЙ ЯЧЕЙКЕ) В тексте письма необходимо указать характер проблемы и прикрепить к письму файл тетради.

Sheet титул
A2: Бюджетное учреждение высшего образования Ханты-Мансийского автономного округа – Югры «Сургутский государственный университет»
A5: Тетрадь планирования и учёта учебной работы преподавателя
A6: Индивидуальный план и отчет преподавателя
F7: =CONCATENATE("(v. ",Form_PPS_v_major,".",Form_PPS_v_minor,")")
A8: Институт | B8: политехнический
A9: Кафедра | B9: Прикладной математики (1)
A11: Учебный год | B11: 2024/2025
A12: Форма обучения | B12: очная
A15: Преподаватель
A16: Должность | B16: (нет) | D16: Совмещение
A18: Степень | B18: (нет)
A19: Звание | B19: (нет)
A22: Структура учебной нагрузки (в часах):
C23: по плану | D23: по приказу
B24: =INDEX(ВидыНагрузки,1) | C24: =карточка!S71
B25: =INDEX(ВидыНагрузки,2) | C25: =карточка!S72
B26: =INDEX(ВидыНагрузки,3) | C26: =карточка!S73
B27: всего | C27: =карточка!S74 | D27: =SUM(D24:D26)
F29: =COUNTIF(F30:F36,">0")
A44: =CONCATENATE("Сургут, ",MID(B11,1,4)," г.")

Sheet осень
D1: Заполнить | J1: Заполнить только строки "план" (значения в строках "факт" рассчитываются автоматически)
A2: индекс | B2: пусто | C2: ключ | D2: Дисциплина, вид учебной работы | E2: Группа (институт, направление, профиль или специальность, уровень, курс) | F2: Вид нагрузки | G2: План / Факт | H2: Количество подгрупп | I2: Количество студентов | J2: лекции | K2: практические занятия и семинары | L2: лабораторные работы | M2: консультации | N2: контрольные работы | O2: курсовые проекты и работы | P2: зачеты, дифферен-цированные зачеты | Q2: семестровые экзамены | R2: КСР | S2: руководство практиками | T2: руководство научной работой | U2: руководство ВКР (дипломные проекты) | V2: ГЭК, ИАК | W2: прочие | X2: всего | Y2: Отклонение от плана | Z2: Примечания
D3: Всего за семестр | G3: план | J3: =SUMIF($G$5:$G$178,$G3,J$5:J$178) | K3: =SUMIF($G$5:$G$178,$G3,K$5:K$178) | L3: =SUMIF($G$5:$G$178,$G3,L$5:L$178) | M3: =SUMIF($G$5:$G$178,$G3,M$5:M$178) | N3: =SUMIF($G$5:$G$178,$G3,N$5:N$178) | O3: =SUMIF($G$5:$G$178,$G3,O$5:O$178) | P3: =SUMIF($G$5:$G$178,$G3,P$5:P$178) | Q3: =SUMIF($G$5:$G$178,$G3,Q$5:Q$178) | ... W3: =SUMIF($G$5:$G$178,$G3,W$5:W$178) | X3: =SUM(J3:W3) | Y3: =X4-X3 | Z3: =Утв_План
G4: факт | J4: =SUMIF($G$5:$G$178,$G4,J$5:J$178) | K4: =SUMIF($G$5:$G$178,$G4,K$5:K$178) | L4: =SUMIF($G$5:$G$178,$G4,L$5:L$178) | M4: =SUMIF($G$5:$G$178,$G4,M$5:M$178) | N4: =SUMIF($G$5:$G$178,$G4,N$5:N$178) | O4: =SUMIF($G$5:$G$178,$G4,O$5:O$178) | P4: =SUMIF($G$5:$G$178,$G4,P$5:P$178) | Q4: =SUMIF($G$5:$G$178,$G4,Q$5:Q$178) | ... W4: =SUMIF($G$5:$G$178,$G4,W$5:W$178) | X4: =SUM(J4:W4) | Z4: =Утв_Осень
A5: =IF(OR(C5="0",COUNTIF(КлючОсень,C5)>1),0,MATCH(F5,ВидыНагр,0)) | B5: =(COUNTA(D5:F6,J5:W5,H5:I6)=0) | C5: =IF(OR(TRIM(D5)="",COUNTIF(ВидыНагр,F5)<>1),"0",CONCATENATE("$",TRIM(D5),"$",TRIM(E5),"$",F5,"$")) | D5: Дискретная математика | E5: 605-31 (УТС-23-1) | F5: почас. | G5: план | M5: 9 | Q5: 7.2 | X5: =SUM(J5:W5) | Y5: =X6-X5
A6: =-A5 | B6: =B5 | G6: факт | J6: =SUMIF('09'!$D$7:$D$159,$C5,'09'!L$7:L$159)+SUMIF('10'!$D$7:$D$159,$C5,'10'!L$7:L$159)+SUMIF('11'!$D$7:$D$159,$C5,'11'!L$7:L$159)+SUMIF('12'!$D$7:$D$159,$C5,'12'!L$7:L$159)+SUMIF('01'!$D$7:$D$159,$C5,'01'!L$7:L$159) | K6: =SUMIF('09'!$D$7:$D$159,$C5,'09'!M$7:M$159)+SUMIF('10'!$D$7:$D$159,$C5,'10'!M$7:M$159)+SUMIF('11'!$D$7:$D$159,$C5,'11'!M$7:M$159)+SUMIF('12'!$D$7:$D$159,$C5,'12'!M$7:M$159)+SUMIF('01'!$D$7:$D$159,$C5,'01'!M$7:M$159) | L6: =SUMIF('09'!$D$7:$D$159,$C5,'09'!N$7:N$159)+SUMIF('10'!$D$7:$D$159,$C5,'10'!N$7:N$159)+SUMIF('11'!$D$7:$D$159,$C5,'11'!N$7:N$159)+SUMIF('12'!$D$7:$D$159,$C5,'12'!N$7:N$159)+SUMIF('01'!$D$7:$D$159,$C5,'01'!N$7:N$159) | M6: =SUMIF('09'!$D$7:$D$159,$C5,'09'!O$7:O$159)+SUMIF('10'!$D$7:$D$159,$C5,'10'!O$7:O$159)+SUMIF('11'!$D$7:$D$159,$C5,'11'!O$7:O$159)+SUMIF('12'!$D$7:$D$159,$C5,'12'!O$7:O$159)+SUMIF('01'!$D$7:$D$159,$C5,'01'!O$7:O$159) | N6: =SUMIF('09'!$D$7:$D$159,$C5,'09'!P$7:P$159)+SUMIF('10'!$D$7:$D$159,$C5,'10'!P$7:P$159)+SUMIF('11'!$D$7:$D$159,$C5,'11'!P$7:P$159)+SUMIF('12'!$D$7:$D$159,$C5,'12'!P$7:P$159)+SUMIF('01'!$D$7:$D$159,$C5,'01'!P$7:P$159) | O6: =SUMIF('09'!$D$7:$D$159,$C5,'09'!Q$7:Q$159)+SUMIF('10'!$D$7:$D$159,$C5,'10'!Q$7:Q$159)+SUMIF('11'!$D$7:$D$159,$C5,'11'!Q$7:Q$159)+SUMIF('12'!$D$7:$D$159,$C5,'12'!Q$7:Q$159)+SUMIF('01'!$D$7:$D$159,$C5,'01'!Q$7:Q$159) | P6: =SUMIF('09'!$D$7:$D$159,$C5,'09'!R$7:R$159)+SUMIF('10'!$D$7:$D$159,$C5,'10'!R$7:R$159)+SUMIF('11'!$D$7:$D$159,$C5,'11'!R$7:R$159)+SUMIF('12'!$D$7:$D$159,$C5,'12'!R$7:R$159)+SUMIF('01'!$D$7:$D$159,$C5,'01'!R$7:R$159) | Q6: =SUMIF('09'!$D$7:$D$159,$C5,'09'!S$7:S$159)+SUMIF('10'!$D$7:$D$159,$C5,'10'!S$7:S$159)+SUMIF('11'!$D$7:$D$159,$C5,'11'!S$7:S$159)+SUMIF('12'!$D$7:$D$159,$C5,'12'!S$7:S$159)+SUMIF('01'!$D$7:$D$159,$C5,'01'!S$7:S$159) | ... W6: =SUMIF('09'!$D$7:$D$159,$C5,'09'!Y$7:Y$159)+SUMIF('10'!$D$7:$D$159,$C5,'10'!Y$7:Y$159)+SUMIF('11'!$D$7:$D$159,$C5,'11'!Y$7:Y$159)+SUMIF('12'!$D$7:$D$159,$C5,'12'!Y$7:Y$159)+SUMIF('01'!$D$7:$D$159,$C5,'01'!Y$7:Y$159) | X6: =SUM(J6:W6)
A7: =IF(OR(C7="0",COUNTIF(КлючОсень,C7)>1),0,MATCH(F7,ВидыНагр,0)) | B7: =(COUNTA(D7:F8,J7:W7,H7:I8)=0) | C7: =IF(OR(TRIM(D7)="",COUNTIF(ВидыНагр,F7)<>1),"0",CONCATENATE("$",TRIM(D7),"$",TRIM(E7),"$",F7,"$")) | D7: Дискретная математика | E7: 605-31 (УТС-23-1) | F7: совм. | G7: план | K7: 32 | X7: =SUM(J7:W7) | Y7: =X8-X7
A8: =-A7 | B8: =B7 | G8: факт | J8: =SUMIF('09'!$D$7:$D$159,$C7,'09'!L$7:L$159)+SUMIF('10'!$D$7:$D$159,$C7,'10'!L$7:L$159)+SUMIF('11'!$D$7:$D$159,$C7,'11'!L$7:L$159)+SUMIF('12'!$D$7:$D$159,$C7,'12'!L$7:L$159)+SUMIF('01'!$D$7:$D$159,$C7,'01'!L$7:L$159) | K8: =SUMIF('09'!$D$7:$D$159,$C7,'09'!M$7:M$159)+SUMIF('10'!$D$7:$D$159,$C7,'10'!M$7:M$159)+SUMIF('11'!$D$7:$D$159,$C7,'11'!M$7:M$159)+SUMIF('12'!$D$7:$D$159,$C7,'12'!M$7:M$159)+SUMIF('01'!$D$7:$D$159,$C7,'01'!M$7:M$159) | L8: =SUMIF('09'!$D$7:$D$159,$C7,'09'!N$7:N$159)+SUMIF('10'!$D$7:$D$159,$C7,'10'!N$7:N$159)+SUMIF('11'!$D$7:$D$159,$C7,'11'!N$7:N$159)+SUMIF('12'!$D$7:$D$159,$C7,'12'!N$7:N$159)+SUMIF('01'!$D$7:$D$159,$C7,'01'!N$7:N$159) | M8: =SUMIF('09'!$D$7:$D$159,$C7,'09'!O$7:O$159)+SUMIF('10'!$D$7:$D$159,$C7,'10'!O$7:O$159)+SUMIF('11'!$D$7:$D$159,$C7,'11'!O$7:O$159)+SUMIF('12'!$D$7:$D$159,$C7,'12'!O$7:O$159)+SUMIF('01'!$D$7:$D$159,$C7,'01'!O$7:O$159) | N8: =SUMIF('09'!$D$7:$D$159,$C7,'09'!P$7:P$159)+SUMIF('10'!$D$7:$D$159,$C7,'10'!P$7:P$159)+SUMIF('11'!$D$7:$D$159,$C7,'11'!P$7:P$159)+SUMIF('12'!$D$7:$D$159,$C7,'12'!P$7:P$159)+SUMIF('01'!$D$7:$D$159,$C7,'01'!P$7:P$159) | O8: =SUMIF('09'!$D$7:$D$159,$C7,'09'!Q$7:Q$159)+SUMIF('10'!$D$7:$D$159,$C7,'10'!Q$7:Q$159)+SUMIF('11'!$D$7:$D$159,$C7,'11'!Q$7:Q$159)+SUMIF('12'!$D$7:$D$159,$C7,'12'!Q$7:Q$159)+SUMIF('01'!$D$7:$D$159,$C7,'01'!Q$7:Q$159) | P8: =SUMIF('09'!$D$7:$D$159,$C7,'09'!R$7:R$159)+SUMIF('10'!$D$7:$D$159,$C7,'10'!R$7:R$159)+SUMIF('11'!$D$7:$D$159,$C7,'11'!R$7:R$159)+SUMIF('12'!$D$7:$D$159,$C7,'12'!R$7:R$159)+SUMIF('01'!$D$7:$D$159,$C7,'01'!R$7:R$159) | Q8: =SUMIF('09'!$D$7:$D$159,$C7,'09'!S$7:S$159)+SUMIF('10'!$D$7:$D$159,$C7,'10'!S$7:S$159)+SUMIF('11'!$D$7:$D$159,$C7,'11'!S$7:S$159)+SUMIF('12'!$D$7:$D$159,$C7,'12'!S$7:S$159)+SUMIF('01'!$D$7:$D$159,$C7,'01'!S$7:S$159) | ... W8: =SUMIF('09'!$D$7:$D$159,$C7,'09'!Y$7:Y$159)+SUMIF('10'!$D$7:$D$159,$C7,'10'!Y$7:Y$159)+SUMIF('11'!$D$7:$D$159,$C7,'11'!Y$7:Y$159)+SUMIF('12'!$D$7:$D$159,$C7,'12'!Y$7:Y$159)+SUMIF('01'!$D$7:$D$159,$C7,'01'!Y$7:Y$159) | X8: =SUM(J8:W8)
A9: =IF(OR(C9="0",COUNTIF(КлючОсень,C9)>1),0,MATCH(F9,ВидыНагр,0)) | B9: =(COUNTA(D9:F10,J9:W9,H9:I10)=0) | C9: =IF(OR(TRIM(D9)="",COUNTIF(ВидыНагр,F9)<>1),"0",CONCATENATE("$",TRIM(D9),"$",TRIM(E9),"$",F9,"$")) | D9: Математический анализ | E9: 606-42 (ИИиЭС-24-1) | F9: совм. | G9: план | K9: 64 | X9: =SUM(J9:W9) | Y9: =X10-X9
A10: =-A9 | B10: =B9 | G10: факт | J10: =SUMIF('09'!$D$7:$D$159,$C9,'09'!L$7:L$159)+SUMIF('10'!$D$7:$D$159,$C9,'10'!L$7:L$159)+SUMIF('11'!$D$7:$D$159,$C9,'11'!L$7:L$159)+SUMIF('12'!$D$7:$D$159,$C9,'12'!L$7:L$159)+SUMIF('01'!$D$7:$D$159,$C9,'01'!L$7:L$159) | K10: =SUMIF('09'!$D$7:$D$159,$C9,'09'!M$7:M$159)+SUMIF('10'!$D$7:$D$159,$C9,'10'!M$7:M$159)+SUMIF('11'!$D$7:$D$159,$C9,'11'!M$7:M$159)+SUMIF('12'!$D$7:$D$159,$C9,'12'!M$7:M$159)+SUMIF('01'!$D$7:$D$159,$C9,'01'!M$7:M$159) | L10: =SUMIF('09'!$D$7:$D$159,$C9,'09'!N$7:N$159)+SUMIF('10'!$D$7:$D$159,$C9,'10'!N$7:N$159)+SUMIF('11'!$D$7:$D$159,$C9,'11'!N$7:N$159)+SUMIF('12'!$D$7:$D$159,$C9,'12'!N$7:N$159)+SUMIF('01'!$D$7:$D$159,$C9,'01'!N$7:N$159) | M10: =SUMIF('09'!$D$7:$D$159,$C9,'09'!O$7:O$159)+SUMIF('10'!$D$7:$D$159,$C9,'10'!O$7:O$159)+SUMIF('11'!$D$7:$D$159,$C9,'11'!O$7:O$159)+SUMIF('12'!$D$7:$D$159,$C9,'12'!O$7:O$159)+SUMIF('01'!$D$7:$D$159,$C9,'01'!O$7:O$159) | N10: =SUMIF('09'!$D$7:$D$159,$C9,'09'!P$7:P$159)+SUMIF('10'!$D$7:$D$159,$C9,'10'!P$7:P$159)+SUMIF('11'!$D$7:$D$159,$C9,'11'!P$7:P$159)+SUMIF('12'!$D$7:$D$159,$C9,'12'!P$7:P$159)+SUMIF('01'!$D$7:$D$159,$C9,'01'!P$7:P$159) | O10: =SUMIF('09'!$D$7:$D$159,$C9,'09'!Q$7:Q$159)+SUMIF('10'!$D$7:$D$159,$C9,'10'!Q$7:Q$159)+SUMIF('11'!$D$7:$D$159,$C9,'11'!Q$7:Q$159)+SUMIF('12'!$D$7:$D$159,$C9,'12'!Q$7:Q$159)+SUMIF('01'!$D$7:$D$159,$C9,'01'!Q$7:Q$159) | P10: =SUMIF('09'!$D$7:$D$159,$C9,'09'!R$7:R$159)+SUMIF('10'!$D$7:$D$159,$C9,'10'!R$7:R$159)+SUMIF('11'!$D$7:$D$159,$C9,'11'!R$7:R$159)+SUMIF('12'!$D$7:$D$159,$C9,'12'!R$7:R$159)+SUMIF('01'!$D$7:$D$159,$C9,'01'!R$7:R$159) | Q10: =SUMIF('09'!$D$7:$D$159,$C9,'09'!S$7:S$159)+SUMIF('10'!$D$7:$D$159,$C9,'10'!S$7:S$159)+SUMIF('11'!$D$7:$D$159,$C9,'11'!S$7:S$159)+SUMIF('12'!$D$7:$D$159,$C9,'12'!S$7:S$159)+SUMIF('01'!$D$7:$D$159,$C9,'01'!S$7:S$159) | ... W10: =SUMIF('09'!$D$7:$D$159,$C9,'09'!Y$7:Y$159)+SUMIF('10'!$D$7:$D$159,$C9,'10'!Y$7:Y$159)+SUMIF('11'!$D$7:$D$159,$C9,'11'!Y$7:Y$159)+SUMIF('12'!$D$7:$D$159,$C9,'12'!Y$7:Y$159)+SUMIF('01'!$D$7:$D$159,$C9,'01'!Y$7:Y$159) | X10: =SUM(J10:W10)
A11: =IF(OR(C11="0",COUNTIF(КлючОсень,C11)>1),0,MATCH(F11,ВидыНагр,0)) | B11: =(COUNTA(D11:F12,J11:W11,H11:I12)=0) | C11: =IF(OR(TRIM(D11)="",COUNTIF(ВидыНагр,F11)<>1),"0",CONCATENATE("$",TRIM(D11),"$",TRIM(E11),"$",F11,"$")) | D11: Математический анализ | E11: 606-41 (АСОИУ-24-1) | F11: совм. | G11: план | K11: 64 | X11: =SUM(J11:W11) | Y11: =X12-X11
A12: =-A11 | B12: =B11 | G12: факт | J12: =SUMIF('09'!$D$7:$D$159,$C11,'09'!L$7:L$159)+SUMIF('10'!$D$7:$D$159,$C11,'10'!L$7:L$159)+SUMIF('11'!$D$7:$D$159,$C11,'11'!L$7:L$159)+SUMIF('12'!$D$7:$D$159,$C11,'12'!L$7:L$159)+SUMIF('01'!$D$7:$D$159,$C11,'01'!L$7:L$159) | K12: =SUMIF('09'!$D$7:$D$159,$C11,'09'!M$7:M$159)+SUMIF('10'!$D$7:$D$159,$C11,'10'!M$7:M$159)+SUMIF('11'!$D$7:$D$159,$C11,'11'!M$7:M$159)+SUMIF('12'!$D$7:$D$159,$C11,'12'!M$7:M$159)+SUMIF('01'!$D$7:$D$159,$C11,'01'!M$7:M$159) | L12: =SUMIF('09'!$D$7:$D$159,$C11,'09'!N$7:N$159)+SUMIF('10'!$D$7:$D$159,$C11,'10'!N$7:N$159)+SUMIF('11'!$D$7:$D$159,$C11,'11'!N$7:N$159)+SUMIF('12'!$D$7:$D$159,$C11,'12'!N$7:N$159)+SUMIF('01'!$D$7:$D$159,$C11,'01'!N$7:N$159) | M12: =SUMIF('09'!$D$7:$D$159,$C11,'09'!O$7:O$159)+SUMIF('10'!$D$7:$D$159,$C11,'10'!O$7:O$159)+SUMIF('11'!$D$7:$D$159,$C11,'11'!O$7:O$159)+SUMIF('12'!$D$7:$D$159,$C11,'12'!O$7:O$159)+SUMIF('01'!$D$7:$D$159,$C11,'01'!O$7:O$159) | N12: =SUMIF('09'!$D$7:$D$159,$C11,'09'!P$7:P$159)+SUMIF('10'!$D$7:$D$159,$C11,'10'!P$7:P$159)+SUMIF('11'!$D$7:$D$159,$C11,'11'!P$7:P$159)+SUMIF('12'!$D$7:$D$159,$C11,'12'!P$7:P$159)+SUMIF('01'!$D$7:$D$159,$C11,'01'!P$7:P$159) | O12: =SUMIF('09'!$D$7:$D$159,$C11,'09'!Q$7:Q$159)+SUMIF('10'!$D$7:$D$159,$C11,'10'!Q$7:Q$159)+SUMIF('11'!$D$7:$D$159,$C11,'11'!Q$7:Q$159)+SUMIF('12'!$D$7:$D$159,$C11,'12'!Q$7:Q$159)+SUMIF('01'!$D$7:$D$159,$C11,'01'!Q$7:Q$159) | P12: =SUMIF('09'!$D$7:$D$159,$C11,'09'!R$7:R$159)+SUMIF('10'!$D$7:$D$159,$C11,'10'!R$7:R$159)+SUMIF('11'!$D$7:$D$159,$C11,'11'!R$7:R$159)+SUMIF('12'!$D$7:$D$159,$C11,'12'!R$7:R$159)+SUMIF('01'!$D$7:$D$159,$C11,'01'!R$7:R$159) | Q12: =SUMIF('09'!$D$7:$D$159,$C11,'09'!S$7:S$159)+SUMIF('10'!$D$7:$D$159,$C11,'10'!S$7:S$159)+SUMIF('11'!$D$7:$D$159,$C11,'11'!S$7:S$159)+SUMIF('12'!$D$7:$D$159,$C11,'12'!S$7:S$159)+SUMIF('01'!$D$7:$D$159,$C11,'01'!S$7:S$159) | ... W12: =SUMIF('09'!$D$7:$D$159,$C11,'09'!Y$7:Y$159)+SUMIF('10'!$D$7:$D$159,$C11,'10'!Y$7:Y$159)+SUMIF('11'!$D$7:$D$159,$C11,'11'!Y$7:Y$159)+SUMIF('12'!$D$7:$D$159,$C11,'12'!Y$7:Y$159)+SUMIF('01'!$D$7:$D$159,$C11,'01'!Y$7:Y$159) | X12: =SUM(J12:W12)
A13: =IF(OR(C13="0",COUNTIF(КлючОсень,C13)>1),0,MATCH(F13,ВидыНагр,0)) | B13: =(COUNTA(D13:F14,J13:W13,H13:I14)=0) | C13: =IF(OR(TRIM(D13)="",COUNTIF(ВидыНагр,F13)<>1),"0",CONCATENATE("$",TRIM(D13),"$",TRIM(E13),"$",F13,"$")) | D13: Программирование, п/г 3 | E13: 601-41 (ТехнолПрог-24-1) | F13: совм. | G13: план | K13: 64 | X13: =SUM(J13:W13) | Y13: =X14-X13
A14: =-A13 | B14: =B13 | G14: факт | J14: =SUMIF('09'!$D$7:$D$159,$C13,'09'!L$7:L$159)+SUMIF('10'!$D$7:$D$159,$C13,'10'!L$7:L$159)+SUMIF('11'!$D$7:$D$159,$C13,'11'!L$7:L$159)+SUMIF('12'!$D$7:$D$159,$C13,'12'!L$7:L$159)+SUMIF('01'!$D$7:$D$159,$C13,'01'!L$7:L$159) | K14: =SUMIF('09'!$D$7:$D$159,$C13,'09'!M$7:M$159)+SUMIF('10'!$D$7:$D$159,$C13,'10'!M$7:M$159)+SUMIF('11'!$D$7:$D$159,$C13,'11'!M$7:M$159)+SUMIF('12'!$D$7:$D$159,$C13,'12'!M$7:M$159)+SUMIF('01'!$D$7:$D$159,$C13,'01'!M$7:M$159) | L14: =SUMIF('09'!$D$7:$D$159,$C13,'09'!N$7:N$159)+SUMIF('10'!$D$7:$D$159,$C13,'10'!N$7:N$159)+SUMIF('11'!$D$7:$D$159,$C13,'11'!N$7:N$159)+SUMIF('12'!$D$7:$D$159,$C13,'12'!N$7:N$159)+SUMIF('01'!$D$7:$D$159,$C13,'01'!N$7:N$159) | M14: =SUMIF('09'!$D$7:$D$159,$C13,'09'!O$7:O$159)+SUMIF('10'!$D$7:$D$159,$C13,'10'!O$7:O$159)+SUMIF('11'!$D$7:$D$159,$C13,'11'!O$7:O$159)+SUMIF('12'!$D$7:$D$159,$C13,'12'!O$7:O$159)+SUMIF('01'!$D$7:$D$159,$C13,'01'!O$7:O$159) | N14: =SUMIF('09'!$D$7:$D$159,$C13,'09'!P$7:P$159)+SUMIF('10'!$D$7:$D$159,$C13,'10'!P$7:P$159)+SUMIF('11'!$D$7:$D$159,$C13,'11'!P$7:P$159)+SUMIF('12'!$D$7:$D$159,$C13,'12'!P$7:P$159)+SUMIF('01'!$D$7:$D$159,$C13,'01'!P$7:P$159) | O14: =SUMIF('09'!$D$7:$D$159,$C13,'09'!Q$7:Q$159)+SUMIF('10'!$D$7:$D$159,$C13,'10'!Q$7:Q$159)+SUMIF('11'!$D$7:$D$159,$C13,'11'!Q$7:Q$159)+SUMIF('12'!$D$7:$D$159,$C13,'12'!Q$7:Q$159)+SUMIF('01'!$D$7:$D$159,$C13,'01'!Q$7:Q$159) | P14: =SUMIF('09'!$D$7:$D$159,$C13,'09'!R$7:R$159)+SUMIF('10'!$D$7:$D$159,$C13,'10'!R$7:R$159)+SUMIF('11'!$D$7:$D$159,$C13,'11'!R$7:R$159)+SUMIF('12'!$D$7:$D$159,$C13,'12'!R$7:R$159)+SUMIF('01'!$D$7:$D$159,$C13,'01'!R$7:R$159) | Q14: =SUMIF('09'!$D$7:$D$159,$C13,'09'!S$7:S$159)+SUMIF('10'!$D$7:$D$159,$C13,'10'!S$7:S$159)+SUMIF('11'!$D$7:$D$159,$C13,'11'!S$7:S$159)+SUMIF('12'!$D$7:$D$159,$C13,'12'!S$7:S$159)+SUMIF('01'!$D$7:$D$159,$C13,'01'!S$7:S$159) | ... W14: =SUMIF('09'!$D$7:$D$159,$C13,'09'!Y$7:Y$159)+SUMIF('10'!$D$7:$D$159,$C13,'10'!Y$7:Y$159)+SUMIF('11'!$D$7:$D$159,$C13,'11'!Y$7:Y$159)+SUMIF('12'!$D$7:$D$159,$C13,'12'!Y$7:Y$159)+SUMIF('01'!$D$7:$D$159,$C13,'01'!Y$7:Y$159) | X14: =SUM(J14:W14)
A15: =IF(OR(C15="0",COUNTIF(КлючОсень,C15)>1),0,MATCH(F15,ВидыНагр,0)) | B15: =(COUNTA(D15:F16,J15:W15,H15:I16)=0) | C15: =IF(OR(TRIM(D15)="",COUNTIF(ВидыНагр,F15)<>1),"0",CONCATENATE("$",TRIM(D15),"$",TRIM(E15),"$",F15,"$")) | G15: план | X15: =SUM(J15:W15) | Y15: =X16-X15
A16: =-A15 | B16: =B15 | G16: факт | J16: =SUMIF('09'!$D$7:$D$159,$C15,'09'!L$7:L$159)+SUMIF('10'!$D$7:$D$159,$C15,'10'!L$7:L$159)+SUMIF('11'!$D$7:$D$159,$C15,'11'!L$7:L$159)+SUMIF('12'!$D$7:$D$159,$C15,'12'!L$7:L$159)+SUMIF('01'!$D$7:$D$159,$C15,'01'!L$7:L$159) | K16: =SUMIF('09'!$D$7:$D$159,$C15,'09'!M$7:M$159)+SUMIF('10'!$D$7:$D$159,$C15,'10'!M$7:M$159)+SUMIF('11'!$D$7:$D$159,$C15,'11'!M$7:M$159)+SUMIF('12'!$D$7:$D$159,$C15,'12'!M$7:M$159)+SUMIF('01'!$D$7:$D$159,$C15,'01'!M$7:M$159) | L16: =SUMIF('09'!$D$7:$D$159,$C15,'09'!N$7:N$159)+SUMIF('10'!$D$7:$D$159,$C15,'10'!N$7:N$159)+SUMIF('11'!$D$7:$D$159,$C15,'11'!N$7:N$159)+SUMIF('12'!$D$7:$D$159,$C15,'12'!N$7:N$159)+SUMIF('01'!$D$7:$D$159,$C15,'01'!N$7:N$159) | M16: =SUMIF('09'!$D$7:$D$159,$C15,'09'!O$7:O$159)+SUMIF('10'!$D$7:$D$159,$C15,'10'!O$7:O$159)+SUMIF('11'!$D$7:$D$159,$C15,'11'!O$7:O$159)+SUMIF('12'!$D$7:$D$159,$C15,'12'!O$7:O$159)+SUMIF('01'!$D$7:$D$159,$C15,'01'!O$7:O$159) | N16: =SUMIF('09'!$D$7:$D$159,$C15,'09'!P$7:P$159)+SUMIF('10'!$D$7:$D$159,$C15,'10'!P$7:P$159)+SUMIF('11'!$D$7:$D$159,$C15,'11'!P$7:P$159)+SUMIF('12'!$D$7:$D$159,$C15,'12'!P$7:P$159)+SUMIF('01'!$D$7:$D$159,$C15,'01'!P$7:P$159) | O16: =SUMIF('09'!$D$7:$D$159,$C15,'09'!Q$7:Q$159)+SUMIF('10'!$D$7:$D$159,$C15,'10'!Q$7:Q$159)+SUMIF('11'!$D$7:$D$159,$C15,'11'!Q$7:Q$159)+SUMIF('12'!$D$7:$D$159,$C15,'12'!Q$7:Q$159)+SUMIF('01'!$D$7:$D$159,$C15,'01'!Q$7:Q$159) | P16: =SUMIF('09'!$D$7:$D$159,$C15,'09'!R$7:R$159)+SUMIF('10'!$D$7:$D$159,$C15,'10'!R$7:R$159)+SUMIF('11'!$D$7:$D$159,$C15,'11'!R$7:R$159)+SUMIF('12'!$D$7:$D$159,$C15,'12'!R$7:R$159)+SUMIF('01'!$D$7:$D$159,$C15,'01'!R$7:R$159) | Q16: =SUMIF('09'!$D$7:$D$159,$C15,'09'!S$7:S$159)+SUMIF('10'!$D$7:$D$159,$C15,'10'!S$7:S$159)+SUMIF('11'!$D$7:$D$159,$C15,'11'!S$7:S$159)+SUMIF('12'!$D$7:$D$159,$C15,'12'!S$7:S$159)+SUMIF('01'!$D$7:$D$159,$C15,'01'!S$7:S$159) | ... W16: =SUMIF('09'!$D$7:$D$159,$C15,'09'!Y$7:Y$159)+SUMIF('10'!$D$7:$D$159,$C15,'10'!Y$7:Y$159)+SUMIF('11'!$D$7:$D$159,$C15,'11'!Y$7:Y$159)+SUMIF('12'!$D$7:$D$159,$C15,'12'!Y$7:Y$159)+SUMIF('01'!$D$7:$D$159,$C15,'01'!Y$7:Y$159) | X16: =SUM(J16:W16)
A17: =IF(OR(C17="0",COUNTIF(КлючОсень,C17)>1),0,MATCH(F17,ВидыНагр,0)) | B17: =(COUNTA(D17:F18,J17:W17,H17:I18)=0) | C17: =IF(OR(TRIM(D17)="",COUNTIF(ВидыНагр,F17)<>1),"0",CONCATENATE("$",TRIM(D17),"$",TRIM(E17),"$",F17,"$")) | G17: план | X17: =SUM(J17:W17) | Y17: =X18-X17
A18: =-A17 | B18: =B17 | G18: факт | J18: =SUMIF('09'!$D$7:$D$159,$C17,'09'!L$7:L$159)+SUMIF('10'!$D$7:$D$159,$C17,'10'!L$7:L$159)+SUMIF('11'!$D$7:$D$159,$C17,'11'!L$7:L$159)+SUMIF('12'!$D$7:$D$159,$C17,'12'!L$7:L$159)+SUMIF('01'!$D$7:$D$159,$C17,'01'!L$7:L$159) | K18: =SUMIF('09'!$D$7:$D$159,$C17,'09'!M$7:M$159)+SUMIF('10'!$D$7:$D$159,$C17,'10'!M$7:M$159)+SUMIF('11'!$D$7:$D$159,$C17,'11'!M$7:M$159)+SUMIF('12'!$D$7:$D$159,$C17,'12'!M$7:M$159)+SUMIF('01'!$D$7:$D$159,$C17,'01'!M$7:M$159) | L18: =SUMIF('09'!$D$7:$D$159,$C17,'09'!N$7:N$159)+SUMIF('10'!$D$7:$D$159,$C17,'10'!N$7:N$159)+SUMIF('11'!$D$7:$D$159,$C17,'11'!N$7:N$159)+SUMIF('12'!$D$7:$D$159,$C17,'12'!N$7:N$159)+SUMIF('01'!$D$7:$D$159,$C17,'01'!N$7:N$159) | M18: =SUMIF('09'!$D$7:$D$159,$C17,'09'!O$7:O$159)+SUMIF('10'!$D$7:$D$159,$C17,'10'!O$7:O$159)+SUMIF('11'!$D$7:$D$159,$C17,'11'!O$7:O$159)+SUMIF('12'!$D$7:$D$159,$C17,'12'!O$7:O$159)+SUMIF('01'!$D$7:$D$159,$C17,'01'!O$7:O$159) | N18: =SUMIF('09'!$D$7:$D$159,$C17,'09'!P$7:P$159)+SUMIF('10'!$D$7:$D$159,$C17,'10'!P$7:P$159)+SUMIF('11'!$D$7:$D$159,$C17,'11'!P$7:P$159)+SUMIF('12'!$D$7:$D$159,$C17,'12'!P$7:P$159)+SUMIF('01'!$D$7:$D$159,$C17,'01'!P$7:P$159) | O18: =SUMIF('09'!$D$7:$D$159,$C17,'09'!Q$7:Q$159)+SUMIF('10'!$D$7:$D$159,$C17,'10'!Q$7:Q$159)+SUMIF('11'!$D$7:$D$159,$C17,'11'!Q$7:Q$159)+SUMIF('12'!$D$7:$D$159,$C17,'12'!Q$7:Q$159)+SUMIF('01'!$D$7:$D$159,$C17,'01'!Q$7:Q$159) | P18: =SUMIF('09'!$D$7:$D$159,$C17,'09'!R$7:R$159)+SUMIF('10'!$D$7:$D$159,$C17,'10'!R$7:R$159)+SUMIF('11'!$D$7:$D$159,$C17,'11'!R$7:R$159)+SUMIF('12'!$D$7:$D$159,$C17,'12'!R$7:R$159)+SUMIF('01'!$D$7:$D$159,$C17,'01'!R$7:R$159) | Q18: =SUMIF('09'!$D$7:$D$159,$C17,'09'!S$7:S$159)+SUMIF('10'!$D$7:$D$159,$C17,'10'!S$7:S$159)+SUMIF('11'!$D$7:$D$159,$C17,'11'!S$7:S$159)+SUMIF('12'!$D$7:$D$159,$C17,'12'!S$7:S$159)+SUMIF('01'!$D$7:$D$159,$C17,'01'!S$7:S$159) | ... W18: =SUMIF('09'!$D$7:$D$159,$C17,'09'!Y$7:Y$159)+SUMIF('10'!$D$7:$D$159,$C17,'10'!Y$7:Y$159)+SUMIF('11'!$D$7:$D$159,$C17,'11'!Y$7:Y$159)+SUMIF('12'!$D$7:$D$159,$C17,'12'!Y$7:Y$159)+SUMIF('01'!$D$7:$D$159,$C17,'01'!Y$7:Y$159) | X18: =SUM(J18:W18)
A19: =IF(OR(C19="0",COUNTIF(КлючОсень,C19)>1),0,MATCH(F19,ВидыНагр,0)) | B19: =(COUNTA(D19:F20,J19:W19,H19:I20)=0) | C19: =IF(OR(TRIM(D19)="",COUNTIF(ВидыНагр,F19)<>1),"0",CONCATENATE("$",TRIM(D19),"$",TRIM(E19),"$",F19,"$")) | G19: план | X19: =SUM(J19:W19) | Y19: =X20-X19
A20: =-A19 | B20: =B19 | G20: факт | J20: =SUMIF('09'!$D$7:$D$159,$C19,'09'!L$7:L$159)+SUMIF('10'!$D$7:$D$159,$C19,'10'!L$7:L$159)+SUMIF('11'!$D$7:$D$159,$C19,'11'!L$7:L$159)+SUMIF('12'!$D$7:$D$159,$C19,'12'!L$7:L$159)+SUMIF('01'!$D$7:$D$159,$C19,'01'!L$7:L$159) | K20: =SUMIF('09'!$D$7:$D$159,$C19,'09'!M$7:M$159)+SUMIF('10'!$D$7:$D$159,$C19,'10'!M$7:M$159)+SUMIF('11'!$D$7:$D$159,$C19,'11'!M$7:M$159)+SUMIF('12'!$D$7:$D$159,$C19,'12'!M$7:M$159)+SUMIF('01'!$D$7:$D$159,$C19,'01'!M$7:M$159) | L20: =SUMIF('09'!$D$7:$D$159,$C19,'09'!N$7:N$159)+SUMIF('10'!$D$7:$D$159,$C19,'10'!N$7:N$159)+SUMIF('11'!$D$7:$D$159,$C19,'11'!N$7:N$159)+SUMIF('12'!$D$7:$D$159,$C19,'12'!N$7:N$159)+SUMIF('01'!$D$7:$D$159,$C19,'01'!N$7:N$159) | M20: =SUMIF('09'!$D$7:$D$159,$C19,'09'!O$7:O$159)+SUMIF('10'!$D$7:$D$159,$C19,'10'!O$7:O$159)+SUMIF('11'!$D$7:$D$159,$C19,'11'!O$7:O$159)+SUMIF('12'!$D$7:$D$159,$C19,'12'!O$7:O$159)+SUMIF('01'!$D$7:$D$159,$C19,'01'!O$7:O$159) | N20: =SUMIF('09'!$D$7:$D$159,$C19,'09'!P$7:P$159)+SUMIF('10'!$D$7:$D$159,$C19,'10'!P$7:P$159)+SUMIF('11'!$D$7:$D$159,$C19,'11'!P$7:P$159)+SUMIF('12'!$D$7:$D$159,$C19,'12'!P$7:P$159)+SUMIF('01'!$D$7:$D$159,$C19,'01'!P$7:P$159) | O20: =SUMIF('09'!$D$7:$D$159,$C19,'09'!Q$7:Q$159)+SUMIF('10'!$D$7:$D$159,$C19,'10'!Q$7:Q$159)+SUMIF('11'!$D$7:$D$159,$C19,'11'!Q$7:Q$159)+SUMIF('12'!$D$7:$D$159,$C19,'12'!Q$7:Q$159)+SUMIF('01'!$D$7:$D$159,$C19,'01'!Q$7:Q$159) | P20: =SUMIF('09'!$D$7:$D$159,$C19,'09'!R$7:R$159)+SUMIF('10'!$D$7:$D$159,$C19,'10'!R$7:R$159)+SUMIF('11'!$D$7:$D$159,$C19,'11'!R$7:R$159)+SUMIF('12'!$D$7:$D$159,$C19,'12'!R$7:R$159)+SUMIF('01'!$D$7:$D$159,$C19,'01'!R$7:R$159) | Q20: =SUMIF('09'!$D$7:$D$159,$C19,'09'!S$7:S$159)+SUMIF('10'!$D$7:$D$159,$C19,'10'!S$7:S$159)+SUMIF('11'!$D$7:$D$159,$C19,'11'!S$7:S$159)+SUMIF('12'!$D$7:$D$159,$C19,'12'!S$7:S$159)+SUMIF('01'!$D$7:$D$159,$C19,'01'!S$7:S$159) | ... W20: =SUMIF('09'!$D$7:$D$159,$C19,'09'!Y$7:Y$159)+SUMIF('10'!$D$7:$D$159,$C19,'10'!Y$7:Y$159)+SUMIF('11'!$D$7:$D$159,$C19,'11'!Y$7:Y$159)+SUMIF('12'!$D$7:$D$159,$C19,'12'!Y$7:Y$159)+SUMIF('01'!$D$7:$D$159,$C19,'01'!Y$7:Y$159) | X20: =SUM(J20:W20)
A21: =IF(OR(C21="0",COUNTIF(КлючОсень,C21)>1),0,MATCH(F21,ВидыНагр,0)) | B21: =(COUNTA(D21:F22,J21:W21,H21:I22)=0) | C21: =IF(OR(TRIM(D21)="",COUNTIF(ВидыНагр,F21)<>1),"0",CONCATENATE("$",TRIM(D21),"$",TRIM(E21),"$",F21,"$")) | G21: план | X21: =SUM(J21:W21) | Y21: =X22-X21
A22: =-A21 | B22: =B21 | G22: факт | J22: =SUMIF('09'!$D$7:$D$159,$C21,'09'!L$7:L$159)+SUMIF('10'!$D$7:$D$159,$C21,'10'!L$7:L$159)+SUMIF('11'!$D$7:$D$159,$C21,'11'!L$7:L$159)+SUMIF('12'!$D$7:$D$159,$C21,'12'!L$7:L$159)+SUMIF('01'!$D$7:$D$159,$C21,'01'!L$7:L$159) | K22: =SUMIF('09'!$D$7:$D$159,$C21,'09'!M$7:M$159)+SUMIF('10'!$D$7:$D$159,$C21,'10'!M$7:M$159)+SUMIF('11'!$D$7:$D$159,$C21,'11'!M$7:M$159)+SUMIF('12'!$D$7:$D$159,$C21,'12'!M$7:M$159)+SUMIF('01'!$D$7:$D$159,$C21,'01'!M$7:M$159) | L22: =SUMIF('09'!$D$7:$D$159,$C21,'09'!N$7:N$159)+SUMIF('10'!$D$7:$D$159,$C21,'10'!N$7:N$159)+SUMIF('11'!$D$7:$D$159,$C21,'11'!N$7:N$159)+SUMIF('12'!$D$7:$D$159,$C21,'12'!N$7:N$159)+SUMIF('01'!$D$7:$D$159,$C21,'01'!N$7:N$159) | M22: =SUMIF('09'!$D$7:$D$159,$C21,'09'!O$7:O$159)+SUMIF('10'!$D$7:$D$159,$C21,'10'!O$7:O$159)+SUMIF('11'!$D$7:$D$159,$C21,'11'!O$7:O$159)+SUMIF('12'!$D$7:$D$159,$C21,'12'!O$7:O$159)+SUMIF('01'!$D$7:$D$159,$C21,'01'!O$7:O$159) | N22: =SUMIF('09'!$D$7:$D$159,$C21,'09'!P$7:P$159)+SUMIF('10'!$D$7:$D$159,$C21,'10'!P$7:P$159)+SUMIF('11'!$D$7:$D$159,$C21,'11'!P$7:P$159)+SUMIF('12'!$D$7:$D$159,$C21,'12'!P$7:P$159)+SUMIF('01'!$D$7:$D$159,$C21,'01'!P$7:P$159) | O22: =SUMIF('09'!$D$7:$D$159,$C21,'09'!Q$7:Q$159)+SUMIF('10'!$D$7:$D$159,$C21,'10'!Q$7:Q$159)+SUMIF('11'!$D$7:$D$159,$C21,'11'!Q$7:Q$159)+SUMIF('12'!$D$7:$D$159,$C21,'12'!Q$7:Q$159)+SUMIF('01'!$D$7:$D$159,$C21,'01'!Q$7:Q$159) | P22: =SUMIF('09'!$D$7:$D$159,$C21,'09'!R$7:R$159)+SUMIF('10'!$D$7:$D$159,$C21,'10'!R$7:R$159)+SUMIF('11'!$D$7:$D$159,$C21,'11'!R$7:R$159)+SUMIF('12'!$D$7:$D$159,$C21,'12'!R$7:R$159)+SUMIF('01'!$D$7:$D$159,$C21,'01'!R$7:R$159) | Q22: =SUMIF('09'!$D$7:$D$159,$C21,'09'!S$7:S$159)+SUMIF('10'!$D$7:$D$159,$C21,'10'!S$7:S$159)+SUMIF('11'!$D$7:$D$159,$C21,'11'!S$7:S$159)+SUMIF('12'!$D$7:$D$159,$C21,'12'!S$7:S$159)+SUMIF('01'!$D$7:$D$159,$C21,'01'!S$7:S$159) | ... W22: =SUMIF('09'!$D$7:$D$159,$C21,'09'!Y$7:Y$159)+SUMIF('10'!$D$7:$D$159,$C21,'10'!Y$7:Y$159)+SUMIF('11'!$D$7:$D$159,$C21,'11'!Y$7:Y$159)+SUMIF('12'!$D$7:$D$159,$C21,'12'!Y$7:Y$159)+SUMIF('01'!$D$7:$D$159,$C21,'01'!Y$7:Y$159) | X22: =SUM(J22:W22)
A23: =IF(OR(C23="0",COUNTIF(КлючОсень,C23)>1),0,MATCH(F23,ВидыНагр,0)) | B23: =(COUNTA(D23:F24,J23:W23,H23:I24)=0) | C23: =IF(OR(TRIM(D23)="",COUNTIF(ВидыНагр,F23)<>1),"0",CONCATENATE("$",TRIM(D23),"$",TRIM(E23),"$",F23,"$")) | G23: план | X23: =SUM(J23:W23) | Y23: =X24-X23
A24: =-A23 | B24: =B23 | G24: факт | J24: =SUMIF('09'!$D$7:$D$159,$C23,'09'!L$7:L$159)+SUMIF('10'!$D$7:$D$159,$C23,'10'!L$7:L$159)+SUMIF('11'!$D$7:$D$159,$C23,'11'!L$7:L$159)+SUMIF('12'!$D$7:$D$159,$C23,'12'!L$7:L$159)+SUMIF('01'!$D$7:$D$159,$C23,'01'!L$7:L$159) | K24: =SUMIF('09'!$D$7:$D$159,$C23,'09'!M$7:M$159)+SUMIF('10'!$D$7:$D$159,$C23,'10'!M$7:M$159)+SUMIF('11'!$D$7:$D$159,$C23,'11'!M$7:M$159)+SUMIF('12'!$D$7:$D$159,$C23,'12'!M$7:M$159)+SUMIF('01'!$D$7:$D$159,$C23,'01'!M$7:M$159) | L24: =SUMIF('09'!$D$7:$D$159,$C23,'09'!N$7:N$159)+SUMIF('10'!$D$7:$D$159,$C23,'10'!N$7:N$159)+SUMIF('11'!$D$7:$D$159,$C23,'11'!N$7:N$159)+SUMIF('12'!$D$7:$D$159,$C23,'12'!N$7:N$159)+SUMIF('01'!$D$7:$D$159,$C23,'01'!N$7:N$159) | M24: =SUMIF('09'!$D$7:$D$159,$C23,'09'!O$7:O$159)+SUMIF('10'!$D$7:$D$159,$C23,'10'!O$7:O$159)+SUMIF('11'!$D$7:$D$159,$C23,'11'!O$7:O$159)+SUMIF('12'!$D$7:$D$159,$C23,'12'!O$7:O$159)+SUMIF('01'!$D$7:$D$159,$C23,'01'!O$7:O$159) | N24: =SUMIF('09'!$D$7:$D$159,$C23,'09'!P$7:P$159)+SUMIF('10'!$D$7:$D$159,$C23,'10'!P$7:P$159)+SUMIF('11'!$D$7:$D$159,$C23,'11'!P$7:P$159)+SUMIF('12'!$D$7:$D$159,$C23,'12'!P$7:P$159)+SUMIF('01'!$D$7:$D$159,$C23,'01'!P$7:P$159) | O24: =SUMIF('09'!$D$7:$D$159,$C23,'09'!Q$7:Q$159)+SUMIF('10'!$D$7:$D$159,$C23,'10'!Q$7:Q$159)+SUMIF('11'!$D$7:$D$159,$C23,'11'!Q$7:Q$159)+SUMIF('12'!$D$7:$D$159,$C23,'12'!Q$7:Q$159)+SUMIF('01'!$D$7:$D$159,$C23,'01'!Q$7:Q$159) | P24: =SUMIF('09'!$D$7:$D$159,$C23,'09'!R$7:R$159)+SUMIF('10'!$D$7:$D$159,$C23,'10'!R$7:R$159)+SUMIF('11'!$D$7:$D$159,$C23,'11'!R$7:R$159)+SUMIF('12'!$D$7:$D$159,$C23,'12'!R$7:R$159)+SUMIF('01'!$D$7:$D$159,$C23,'01'!R$7:R$159) | Q24: =SUMIF('09'!$D$7:$D$159,$C23,'09'!S$7:S$159)+SUMIF('10'!$D$7:$D$159,$C23,'10'!S$7:S$159)+SUMIF('11'!$D$7:$D$159,$C23,'11'!S$7:S$159)+SUMIF('12'!$D$7:$D$159,$C23,'12'!S$7:S$159)+SUMIF('01'!$D$7:$D$159,$C23,'01'!S$7:S$159) | ... W24: =SUMIF('09'!$D$7:$D$159,$C23,'09'!Y$7:Y$159)+SUMIF('10'!$D$7:$D$159,$C23,'10'!Y$7:Y$159)+SUMIF('11'!$D$7:$D$159,$C23,'11'!Y$7:Y$159)+SUMIF('12'!$D$7:$D$159,$C23,'12'!Y$7:Y$159)+SUMIF('01'!$D$7:$D$159,$C23,'01'!Y$7:Y$159) | X24: =SUM(J24:W24)
A25: =IF(OR(C25="0",COUNTIF(КлючОсень,C25)>1),0,MATCH(F25,ВидыНагр,0)) | B25: =(COUNTA(D25:F26,J25:W25,H25:I26)=0) | C25: =IF(OR(TRIM(D25)="",COUNTIF(ВидыНагр,F25)<>1),"0",CONCATENATE("$",TRIM(D25),"$",TRIM(E25),"$",F25,"$")) | G25: план | X25: =SUM(J25:W25) | Y25: =X26-X25
A26: =-A25 | B26: =B25 | G26: факт | J26: =SUMIF('09'!$D$7:$D$159,$C25,'09'!L$7:L$159)+SUMIF('10'!$D$7:$D$159,$C25,'10'!L$7:L$159)+SUMIF('11'!$D$7:$D$159,$C25,'11'!L$7:L$159)+SUMIF('12'!$D$7:$D$159,$C25,'12'!L$7:L$159)+SUMIF('01'!$D$7:$D$159,$C25,'01'!L$7:L$159) | K26: =SUMIF('09'!$D$7:$D$159,$C25,'09'!M$7:M$159)+SUMIF('10'!$D$7:$D$159,$C25,'10'!M$7:M$159)+SUMIF('11'!$D$7:$D$159,$C25,'11'!M$7:M$159)+SUMIF('12'!$D$7:$D$159,$C25,'12'!M$7:M$159)+SUMIF('01'!$D$7:$D$159,$C25,'01'!M$7:M$159) | L26: =SUMIF('09'!$D$7:$D$159,$C25,'09'!N$7:N$159)+SUMIF('10'!$D$7:$D$159,$C25,'10'!N$7:N$159)+SUMIF('11'!$D$7:$D$159,$C25,'11'!N$7:N$159)+SUMIF('12'!$D$7:$D$159,$C25,'12'!N$7:N$159)+SUMIF('01'!$D$7:$D$159,$C25,'01'!N$7:N$159) | M26: =SUMIF('09'!$D$7:$D$159,$C25,'09'!O$7:O$159)+SUMIF('10'!$D$7:$D$159,$C25,'10'!O$7:O$159)+SUMIF('11'!$D$7:$D$159,$C25,'11'!O$7:O$159)+SUMIF('12'!$D$7:$D$159,$C25,'12'!O$7:O$159)+SUMIF('01'!$D$7:$D$159,$C25,'01'!O$7:O$159) | N26: =SUMIF('09'!$D$7:$D$159,$C25,'09'!P$7:P$159)+SUMIF('10'!$D$7:$D$159,$C25,'10'!P$7:P$159)+SUMIF('11'!$D$7:$D$159,$C25,'11'!P$7:P$159)+SUMIF('12'!$D$7:$D$159,$C25,'12'!P$7:P$159)+SUMIF('01'!$D$7:$D$159,$C25,'01'!P$7:P$159) | O26: =SUMIF('09'!$D$7:$D$159,$C25,'09'!Q$7:Q$159)+SUMIF('10'!$D$7:$D$159,$C25,'10'!Q$7:Q$159)+SUMIF('11'!$D$7:$D$159,$C25,'11'!Q$7:Q$159)+SUMIF('12'!$D$7:$D$159,$C25,'12'!Q$7:Q$159)+SUMIF('01'!$D$7:$D$159,$C25,'01'!Q$7:Q$159) | P26: =SUMIF('09'!$D$7:$D$159,$C25,'09'!R$7:R$159)+SUMIF('10'!$D$7:$D$159,$C25,'10'!R$7:R$159)+SUMIF('11'!$D$7:$D$159,$C25,'11'!R$7:R$159)+SUMIF('12'!$D$7:$D$159,$C25,'12'!R$7:R$159)+SUMIF('01'!$D$7:$D$159,$C25,'01'!R$7:R$159) | Q26: =SUMIF('09'!$D$7:$D$159,$C25,'09'!S$7:S$159)+SUMIF('10'!$D$7:$D$159,$C25,'10'!S$7:S$159)+SUMIF('11'!$D$7:$D$159,$C25,'11'!S$7:S$159)+SUMIF('12'!$D$7:$D$159,$C25,'12'!S$7:S$159)+SUMIF('01'!$D$7:$D$159,$C25,'01'!S$7:S$159) | ... W26: =SUMIF('09'!$D$7:$D$159,$C25,'09'!Y$7:Y$159)+SUMIF('10'!$D$7:$D$159,$C25,'10'!Y$7:Y$159)+SUMIF('11'!$D$7:$D$159,$C25,'11'!Y$7:Y$159)+SUMIF('12'!$D$7:$D$159,$C25,'12'!Y$7:Y$159)+SUMIF('01'!$D$7:$D$159,$C25,'01'!Y$7:Y$159) | X26: =SUM(J26:W26)
A27: =IF(OR(C27="0",COUNTIF(КлючОсень,C27)>1),0,MATCH(F27,ВидыНагр,0)) | B27: =(COUNTA(D27:F28,J27:W27,H27:I28)=0) | C27: =IF(OR(TRIM(D27)="",COUNTIF(ВидыНагр,F27)<>1),"0",CONCATENATE("$",TRIM(D27),"$",TRIM(E27),"$",F27,"$")) | G27: план | X27: =SUM(J27:W27) | Y27: =X28-X27
A28: =-A27 | B28: =B27 | G28: факт | J28: =SUMIF('09'!$D$7:$D$159,$C27,'09'!L$7:L$159)+SUMIF('10'!$D$7:$D$159,$C27,'10'!L$7:L$159)+SUMIF('11'!$D$7:$D$159,$C27,'11'!L$7:L$159)+SUMIF('12'!$D$7:$D$159,$C27,'12'!L$7:L$159)+SUMIF('01'!$D$7:$D$159,$C27,'01'!L$7:L$159) | K28: =SUMIF('09'!$D$7:$D$159,$C27,'09'!M$7:M$159)+SUMIF('10'!$D$7:$D$159,$C27,'10'!M$7:M$159)+SUMIF('11'!$D$7:$D$159,$C27,'11'!M$7:M$159)+SUMIF('12'!$D$7:$D$159,$C27,'12'!M$7:M$159)+SUMIF('01'!$D$7:$D$159,$C27,'01'!M$7:M$159) | L28: =SUMIF('09'!$D$7:$D$159,$C27,'09'!N$7:N$159)+SUMIF('10'!$D$7:$D$159,$C27,'10'!N$7:N$159)+SUMIF('11'!$D$7:$D$159,$C27,'11'!N$7:N$159)+SUMIF('12'!$D$7:$D$159,$C27,'12'!N$7:N$159)+SUMIF('01'!$D$7:$D$159,$C27,'01'!N$7:N$159) | M28: =SUMIF('09'!$D$7:$D$159,$C27,'09'!O$7:O$159)+SUMIF('10'!$D$7:$D$159,$C27,'10'!O$7:O$159)+SUMIF('11'!$D$7:$D$159,$C27,'11'!O$7:O$159)+SUMIF('12'!$D$7:$D$159,$C27,'12'!O$7:O$159)+SUMIF('01'!$D$7:$D$159,$C27,'01'!O$7:O$159) | N28: =SUMIF('09'!$D$7:$D$159,$C27,'09'!P$7:P$159)+SUMIF('10'!$D$7:$D$159,$C27,'10'!P$7:P$159)+SUMIF('11'!$D$7:$D$159,$C27,'11'!P$7:P$159)+SUMIF('12'!$D$7:$D$159,$C27,'12'!P$7:P$159)+SUMIF('01'!$D$7:$D$159,$C27,'01'!P$7:P$159) | O28: =SUMIF('09'!$D$7:$D$159,$C27,'09'!Q$7:Q$159)+SUMIF('10'!$D$7:$D$159,$C27,'10'!Q$7:Q$159)+SUMIF('11'!$D$7:$D$159,$C27,'11'!Q$7:Q$159)+SUMIF('12'!$D$7:$D$159,$C27,'12'!Q$7:Q$159)+SUMIF('01'!$D$7:$D$159,$C27,'01'!Q$7:Q$159) | P28: =SUMIF('09'!$D$7:$D$159,$C27,'09'!R$7:R$159)+SUMIF('10'!$D$7:$D$159,$C27,'10'!R$7:R$159)+SUMIF('11'!$D$7:$D$159,$C27,'11'!R$7:R$159)+SUMIF('12'!$D$7:$D$159,$C27,'12'!R$7:R$159)+SUMIF('01'!$D$7:$D$159,$C27,'01'!R$7:R$159) | Q28: =SUMIF('09'!$D$7:$D$159,$C27,'09'!S$7:S$159)+SUMIF('10'!$D$7:$D$159,$C27,'10'!S$7:S$159)+SUMIF('11'!$D$7:$D$159,$C27,'11'!S$7:S$159)+SUMIF('12'!$D$7:$D$159,$C27,'12'!S$7:S$159)+SUMIF('01'!$D$7:$D$159,$C27,'01'!S$7:S$159) | ... W28: =SUMIF('09'!$D$7:$D$159,$C27,'09'!Y$7:Y$159)+SUMIF('10'!$D$7:$D$159,$C27,'10'!Y$7:Y$159)+SUMIF('11'!$D$7:$D$159,$C27,'11'!Y$7:Y$159)+SUMIF('12'!$D$7:$D$159,$C27,'12'!Y$7:Y$159)+SUMIF('01'!$D$7:$D$159,$C27,'01'!Y$7:Y$159) | X28: =SUM(J28:W28)
A29: =IF(OR(C29="0",COUNTIF(КлючОсень,C29)>1),0,MATCH(F29,ВидыНагр,0)) | B29: =(COUNTA(D29:F30,J29:W29,H29:I30)=0) | C29: =IF(OR(TRIM(D29)="",COUNTIF(ВидыНагр,F29)<>1),"0",CONCATENATE("$",TRIM(D29),"$",TRIM(E29),"$",F29,"$")) | G29: план | X29: =SUM(J29:W29) | Y29: =X30-X29
A30: =-A29 | B30: =B29 | G30: факт | J30: =SUMIF('09'!$D$7:$D$159,$C29,'09'!L$7:L$159)+SUMIF('10'!$D$7:$D$159,$C29,'10'!L$7:L$159)+SUMIF('11'!$D$7:$D$159,$C29,'11'!L$7:L$159)+SUMIF('12'!$D$7:$D$159,$C29,'12'!L$7:L$159)+SUMIF('01'!$D$7:$D$159,$C29,'01'!L$7:L$159) | K30: =SUMIF('09'!$D$7:$D$159,$C29,'09'!M$7:M$159)+SUMIF('10'!$D$7:$D$159,$C29,'10'!M$7:M$159)+SUMIF('11'!$D$7:$D$159,$C29,'11'!M$7:M$159)+SUMIF('12'!$D$7:$D$159,$C29,'12'!M$7:M$159)+SUMIF('01'!$D$7:$D$159,$C29,'01'!M$7:M$159) | L30: =SUMIF('09'!$D$7:$D$159,$C29,'09'!N$7:N$159)+SUMIF('10'!$D$7:$D$159,$C29,'10'!N$7:N$159)+SUMIF('11'!$D$7:$D$159,$C29,'11'!N$7:N$159)+SUMIF('12'!$D$7:$D$159,$C29,'12'!N$7:N$159)+SUMIF('01'!$D$7:$D$159,$C29,'01'!N$7:N$159) | M30: =SUMIF('09'!$D$7:$D$159,$C29,'09'!O$7:O$159)+SUMIF('10'!$D$7:$D$159,$C29,'10'!O$7:O$159)+SUMIF('11'!$D$7:$D$159,$C29,'11'!O$7:O$159)+SUMIF('12'!$D$7:$D$159,$C29,'12'!O$7:O$159)+SUMIF('01'!$D$7:$D$159,$C29,'01'!O$7:O$159) | N30: =SUMIF('09'!$D$7:$D$159,$C29,'09'!P$7:P$159)+SUMIF('10'!$D$7:$D$159,$C29,'10'!P$7:P$159)+SUMIF('11'!$D$7:$D$159,$C29,'11'!P$7:P$159)+SUMIF('12'!$D$7:$D$159,$C29,'12'!P$7:P$159)+SUMIF('01'!$D$7:$D$159,$C29,'01'!P$7:P$159) | O30: =SUMIF('09'!$D$7:$D$159,$C29,'09'!Q$7:Q$159)+SUMIF('10'!$D$7:$D$159,$C29,'10'!Q$7:Q$159)+SUMIF('11'!$D$7:$D$159,$C29,'11'!Q$7:Q$159)+SUMIF('12'!$D$7:$D$159,$C29,'12'!Q$7:Q$159)+SUMIF('01'!$D$7:$D$159,$C29,'01'!Q$7:Q$159) | P30: =SUMIF('09'!$D$7:$D$159,$C29,'09'!R$7:R$159)+SUMIF('10'!$D$7:$D$159,$C29,'10'!R$7:R$159)+SUMIF('11'!$D$7:$D$159,$C29,'11'!R$7:R$159)+SUMIF('12'!$D$7:$D$159,$C29,'12'!R$7:R$159)+SUMIF('01'!$D$7:$D$159,$C29,'01'!R$7:R$159) | Q30: =SUMIF('09'!$D$7:$D$159,$C29,'09'!S$7:S$159)+SUMIF('10'!$D$7:$D$159,$C29,'10'!S$7:S$159)+SUMIF('11'!$D$7:$D$159,$C29,'11'!S$7:S$159)+SUMIF('12'!$D$7:$D$159,$C29,'12'!S$7:S$159)+SUMIF('01'!$D$7:$D$159,$C29,'01'!S$7:S$159) | ... W30: =SUMIF('09'!$D$7:$D$159,$C29,'09'!Y$7:Y$159)+SUMIF('10'!$D$7:$D$159,$C29,'10'!Y$7:Y$159)+SUMIF('11'!$D$7:$D$159,$C29,'11'!Y$7:Y$159)+SUMIF('12'!$D$7:$D$159,$C29,'12'!Y$7:Y$159)+SUMIF('01'!$D$7:$D$159,$C29,'01'!Y$7:Y$159) | X30: =SUM(J30:W30)
A31: =IF(OR(C31="0",COUNTIF(КлючОсень,C31)>1),0,MATCH(F31,ВидыНагр,0)) | B31: =(COUNTA(D31:F32,J31:W31,H31:I32)=0) | C31: =IF(OR(TRIM(D31)="",COUNTIF(ВидыНагр,F31)<>1),"0",CONCATENATE("$",TRIM(D31),"$",TRIM(E31),"$",F31,"$")) | G31: план | X31: =SUM(J31:W31) | Y31: =X32-X31
A32: =-A31 | B32: =B31 | G32: факт | J32: =SUMIF('09'!$D$7:$D$159,$C31,'09'!L$7:L$159)+SUMIF('10'!$D$7:$D$159,$C31,'10'!L$7:L$159)+SUMIF('11'!$D$7:$D$159,$C31,'11'!L$7:L$159)+SUMIF('12'!$D$7:$D$159,$C31,'12'!L$7:L$159)+SUMIF('01'!$D$7:$D$159,$C31,'01'!L$7:L$159) | K32: =SUMIF('09'!$D$7:$D$159,$C31,'09'!M$7:M$159)+SUMIF('10'!$D$7:$D$159,$C31,'10'!M$7:M$159)+SUMIF('11'!$D$7:$D$159,$C31,'11'!M$7:M$159)+SUMIF('12'!$D$7:$D$159,$C31,'12'!M$7:M$159)+SUMIF('01'!$D$7:$D$159,$C31,'01'!M$7:M$159) | L32: =SUMIF('09'!$D$7:$D$159,$C31,'09'!N$7:N$159)+SUMIF('10'!$D$7:$D$159,$C31,'10'!N$7:N$159)+SUMIF('11'!$D$7:$D$159,$C31,'11'!N$7:N$159)+SUMIF('12'!$D$7:$D$159,$C31,'12'!N$7:N$159)+SUMIF('01'!$D$7:$D$159,$C31,'01'!N$7:N$159) | M32: =SUMIF('09'!$D$7:$D$159,$C31,'09'!O$7:O$159)+SUMIF('10'!$D$7:$D$159,$C31,'10'!O$7:O$159)+SUMIF('11'!$D$7:$D$159,$C31,'11'!O$7:O$159)+SUMIF('12'!$D$7:$D$159,$C31,'12'!O$7:O$159)+SUMIF('01'!$D$7:$D$159,$C31,'01'!O$7:O$159) | N32: =SUMIF('09'!$D$7:$D$159,$C31,'09'!P$7:P$159)+SUMIF('10'!$D$7:$D$159,$C31,'10'!P$7:P$159)+SUMIF('11'!$D$7:$D$159,$C31,'11'!P$7:P$159)+SUMIF('12'!$D$7:$D$159,$C31,'12'!P$7:P$159)+SUMIF('01'!$D$7:$D$159,$C31,'01'!P$7:P$159) | O32: =SUMIF('09'!$D$7:$D$159,$C31,'09'!Q$7:Q$159)+SUMIF('10'!$D$7:$D$159,$C31,'10'!Q$7:Q$159)+SUMIF('11'!$D$7:$D$159,$C31,'11'!Q$7:Q$159)+SUMIF('12'!$D$7:$D$159,$C31,'12'!Q$7:Q$159)+SUMIF('01'!$D$7:$D$159,$C31,'01'!Q$7:Q$159) | P32: =SUMIF('09'!$D$7:$D$159,$C31,'09'!R$7:R$159)+SUMIF('10'!$D$7:$D$159,$C31,'10'!R$7:R$159)+SUMIF('11'!$D$7:$D$159,$C31,'11'!R$7:R$159)+SUMIF('12'!$D$7:$D$159,$C31,'12'!R$7:R$159)+SUMIF('01'!$D$7:$D$159,$C31,'01'!R$7:R$159) | Q32: =SUMIF('09'!$D$7:$D$159,$C31,'09'!S$7:S$159)+SUMIF('10'!$D$7:$D$159,$C31,'10'!S$7:S$159)+SUMIF('11'!$D$7:$D$159,$C31,'11'!S$7:S$159)+SUMIF('12'!$D$7:$D$159,$C31,'12'!S$7:S$159)+SUMIF('01'!$D$7:$D$159,$C31,'01'!S$7:S$159) | ... W32: =SUMIF('09'!$D$7:$D$159,$C31,'09'!Y$7:Y$159)+SUMIF('10'!$D$7:$D$159,$C31,'10'!Y$7:Y$159)+SUMIF('11'!$D$7:$D$159,$C31,'11'!Y$7:Y$159)+SUMIF('12'!$D$7:$D$159,$C31,'12'!Y$7:Y$159)+SUMIF('01'!$D$7:$D$159,$C31,'01'!Y$7:Y$159) | X32: =SUM(J32:W32)
A33: =IF(OR(C33="0",COUNTIF(КлючОсень,C33)>1),0,MATCH(F33,ВидыНагр,0)) | B33: =(COUNTA(D33:F34,J33:W33,H33:I34)=0) | C33: =IF(OR(TRIM(D33)="",COUNTIF(ВидыНагр,F33)<>1),"0",CONCATENATE("$",TRIM(D33),"$",TRIM(E33),"$",F33,"$")) | G33: план | X33: =SUM(J33:W33) | Y33: =X34-X33
A34: =-A33 | B34: =B33 | G34: факт | J34: =SUMIF('09'!$D$7:$D$159,$C33,'09'!L$7:L$159)+SUMIF('10'!$D$7:$D$159,$C33,'10'!L$7:L$159)+SUMIF('11'!$D$7:$D$159,$C33,'11'!L$7:L$159)+SUMIF('12'!$D$7:$D$159,$C33,'12'!L$7:L$159)+SUMIF('01'!$D$7:$D$159,$C33,'01'!L$7:L$159) | K34: =SUMIF('09'!$D$7:$D$159,$C33,'09'!M$7:M$159)+SUMIF('10'!$D$7:$D$159,$C33,'10'!M$7:M$159)+SUMIF('11'!$D$7:$D$159,$C33,'11'!M$7:M$159)+SUMIF('12'!$D$7:$D$159,$C33,'12'!M$7:M$159)+SUMIF('01'!$D$7:$D$159,$C33,'01'!M$7:M$159) | L34: =SUMIF('09'!$D$7:$D$159,$C33,'09'!N$7:N$159)+SUMIF('10'!$D$7:$D$159,$C33,'10'!N$7:N$159)+SUMIF('11'!$D$7:$D$159,$C33,'11'!N$7:N$159)+SUMIF('12'!$D$7:$D$159,$C33,'12'!N$7:N$159)+SUMIF('01'!$D$7:$D$159,$C33,'01'!N$7:N$159) | M34: =SUMIF('09'!$D$7:$D$159,$C33,'09'!O$7:O$159)+SUMIF('10'!$D$7:$D$159,$C33,'10'!O$7:O$159)+SUMIF('11'!$D$7:$D$159,$C33,'11'!O$7:O$159)+SUMIF('12'!$D$7:$D$159,$C33,'12'!O$7:O$159)+SUMIF('01'!$D$7:$D$159,$C33,'01'!O$7:O$159) | N34: =SUMIF('09'!$D$7:$D$159,$C33,'09'!P$7:P$159)+SUMIF('10'!$D$7:$D$159,$C33,'10'!P$7:P$159)+SUMIF('11'!$D$7:$D$159,$C33,'11'!P$7:P$159)+SUMIF('12'!$D$7:$D$159,$C33,'12'!P$7:P$159)+SUMIF('01'!$D$7:$D$159,$C33,'01'!P$7:P$159) | O34: =SUMIF('09'!$D$7:$D$159,$C33,'09'!Q$7:Q$159)+SUMIF('10'!$D$7:$D$159,$C33,'10'!Q$7:Q$159)+SUMIF('11'!$D$7:$D$159,$C33,'11'!Q$7:Q$159)+SUMIF('12'!$D$7:$D$159,$C33,'12'!Q$7:Q$159)+SUMIF('01'!$D$7:$D$159,$C33,'01'!Q$7:Q$159) | P34: =SUMIF('09'!$D$7:$D$159,$C33,'09'!R$7:R$159)+SUMIF('10'!$D$7:$D$159,$C33,'10'!R$7:R$159)+SUMIF('11'!$D$7:$D$159,$C33,'11'!R$7:R$159)+SUMIF('12'!$D$7:$D$159,$C33,'12'!R$7:R$159)+SUMIF('01'!$D$7:$D$159,$C33,'01'!R$7:R$159) | Q34: =SUMIF('09'!$D$7:$D$159,$C33,'09'!S$7:S$159)+SUMIF('10'!$D$7:$D$159,$C33,'10'!S$7:S$159)+SUMIF('11'!$D$7:$D$159,$C33,'11'!S$7:S$159)+SUMIF('12'!$D$7:$D$159,$C33,'12'!S$7:S$159)+SUMIF('01'!$D$7:$D$159,$C33,'01'!S$7:S$159) | ... W34: =SUMIF('09'!$D$7:$D$159,$C33,'09'!Y$7:Y$159)+SUMIF('10'!$D$7:$D$159,$C33,'10'!Y$7:Y$159)+SUMIF('11'!$D$7:$D$159,$C33,'11'!Y$7:Y$159)+SUMIF('12'!$D$7:$D$159,$C33,'12'!Y$7:Y$159)+SUMIF('01'!$D$7:$D$159,$C33,'01'!Y$7:Y$159) | X34: =SUM(J34:W34)
A35: =IF(OR(C35="0",COUNTIF(КлючОсень,C35)>1),0,MATCH(F35,ВидыНагр,0)) | B35: =(COUNTA(D35:F36,J35:W35,H35:I36)=0) | C35: =IF(OR(TRIM(D35)="",COUNTIF(ВидыНагр,F35)<>1),"0",CONCATENATE("$",TRIM(D35),"$",TRIM(E35),"$",F35,"$")) | G35: план | X35: =SUM(J35:W35) | Y35: =X36-X35
A36: =-A35 | B36: =B35 | G36: факт | J36: =SUMIF('09'!$D$7:$D$159,$C35,'09'!L$7:L$159)+SUMIF('10'!$D$7:$D$159,$C35,'10'!L$7:L$159)+SUMIF('11'!$D$7:$D$159,$C35,'11'!L$7:L$159)+SUMIF('12'!$D$7:$D$159,$C35,'12'!L$7:L$159)+SUMIF('01'!$D$7:$D$159,$C35,'01'!L$7:L$159) | K36: =SUMIF('09'!$D$7:$D$159,$C35,'09'!M$7:M$159)+SUMIF('10'!$D$7:$D$159,$C35,'10'!M$7:M$159)+SUMIF('11'!$D$7:$D$159,$C35,'11'!M$7:M$159)+SUMIF('12'!$D$7:$D$159,$C35,'12'!M$7:M$159)+SUMIF('01'!$D$7:$D$159,$C35,'01'!M$7:M$159) | L36: =SUMIF('09'!$D$7:$D$159,$C35,'09'!N$7:N$159)+SUMIF('10'!$D$7:$D$159,$C35,'10'!N$7:N$159)+SUMIF('11'!$D$7:$D$159,$C35,'11'!N$7:N$159)+SUMIF('12'!$D$7:$D$159,$C35,'12'!N$7:N$159)+SUMIF('01'!$D$7:$D$159,$C35,'01'!N$7:N$159) | M36: =SUMIF('09'!$D$7:$D$159,$C35,'09'!O$7:O$159)+SUMIF('10'!$D$7:$D$159,$C35,'10'!O$7:O$159)+SUMIF('11'!$D$7:$D$159,$C35,'11'!O$7:O$159)+SUMIF('12'!$D$7:$D$159,$C35,'12'!O$7:O$159)+SUMIF('01'!$D$7:$D$159,$C35,'01'!O$7:O$159) | N36: =SUMIF('09'!$D$7:$D$159,$C35,'09'!P$7:P$159)+SUMIF('10'!$D$7:$D$159,$C35,'10'!P$7:P$159)+SUMIF('11'!$D$7:$D$159,$C35,'11'!P$7:P$159)+SUMIF('12'!$D$7:$D$159,$C35,'12'!P$7:P$159)+SUMIF('01'!$D$7:$D$159,$C35,'01'!P$7:P$159) | O36: =SUMIF('09'!$D$7:$D$159,$C35,'09'!Q$7:Q$159)+SUMIF('10'!$D$7:$D$159,$C35,'10'!Q$7:Q$159)+SUMIF('11'!$D$7:$D$159,$C35,'11'!Q$7:Q$159)+SUMIF('12'!$D$7:$D$159,$C35,'12'!Q$7:Q$159)+SUMIF('01'!$D$7:$D$159,$C35,'01'!Q$7:Q$159) | P36: =SUMIF('09'!$D$7:$D$159,$C35,'09'!R$7:R$159)+SUMIF('10'!$D$7:$D$159,$C35,'10'!R$7:R$159)+SUMIF('11'!$D$7:$D$159,$C35,'11'!R$7:R$159)+SUMIF('12'!$D$7:$D$159,$C35,'12'!R$7:R$159)+SUMIF('01'!$D$7:$D$159,$C35,'01'!R$7:R$159) | Q36: =SUMIF('09'!$D$7:$D$159,$C35,'09'!S$7:S$159)+SUMIF('10'!$D$7:$D$159,$C35,'10'!S$7:S$159)+SUMIF('11'!$D$7:$D$159,$C35,'11'!S$7:S$159)+SUMIF('12'!$D$7:$D$159,$C35,'12'!S$7:S$159)+SUMIF('01'!$D$7:$D$159,$C35,'01'!S$7:S$159) | ... W36: =SUMIF('09'!$D$7:$D$159,$C35,'09'!Y$7:Y$159)+SUMIF('10'!$D$7:$D$159,$C35,'10'!Y$7:Y$159)+SUMIF('11'!$D$7:$D$159,$C35,'11'!Y$7:Y$159)+SUMIF('12'!$D$7:$D$159,$C35,'12'!Y$7:Y$159)+SUMIF('01'!$D$7:$D$159,$C35,'01'!Y$7:Y$159) | X36: =SUM(J36:W36)
A37: =IF(OR(C37="0",COUNTIF(КлючОсень,C37)>1),0,MATCH(F37,ВидыНагр,0)) | B37: =(COUNTA(D37:F38,J37:W37,H37:I38)=0) | C37: =IF(OR(TRIM(D37)="",COUNTIF(ВидыНагр,F37)<>1),"0",CONCATENATE("$",TRIM(D37),"$",TRIM(E37),"$",F37,"$")) | G37: план | X37: =SUM(J37:W37) | Y37: =X38-X37
A38: =-A37 | B38: =B37 | G38: факт | J38: =SUMIF('09'!$D$7:$D$159,$C37,'09'!L$7:L$159)+SUMIF('10'!$D$7:$D$159,$C37,'10'!L$7:L$159)+SUMIF('11'!$D$7:$D$159,$C37,'11'!L$7:L$159)+SUMIF('12'!$D$7:$D$159,$C37,'12'!L$7:L$159)+SUMIF('01'!$D$7:$D$159,$C37,'01'!L$7:L$159) | K38: =SUMIF('09'!$D$7:$D$159,$C37,'09'!M$7:M$159)+SUMIF('10'!$D$7:$D$159,$C37,'10'!M$7:M$159)+SUMIF('11'!$D$7:$D$159,$C37,'11'!M$7:M$159)+SUMIF('12'!$D$7:$D$159,$C37,'12'!M$7:M$159)+SUMIF('01'!$D$7:$D$159,$C37,'01'!M$7:M$159) | L38: =SUMIF('09'!$D$7:$D$159,$C37,'09'!N$7:N$159)+SUMIF('10'!$D$7:$D$159,$C37,'10'!N$7:N$159)+SUMIF('11'!$D$7:$D$159,$C37,'11'!N$7:N$159)+SUMIF('12'!$D$7:$D$159,$C37,'12'!N$7:N$159)+SUMIF('01'!$D$7:$D$159,$C37,'01'!N$7:N$159) | M38: =SUMIF('09'!$D$7:$D$159,$C37,'09'!O$7:O$159)+SUMIF('10'!$D$7:$D$159,$C37,'10'!O$7:O$159)+SUMIF('11'!$D$7:$D$159,$C37,'11'!O$7:O$159)+SUMIF('12'!$D$7:$D$159,$C37,'12'!O$7:O$159)+SUMIF('01'!$D$7:$D$159,$C37,'01'!O$7:O$159) | N38: =SUMIF('09'!$D$7:$D$159,$C37,'09'!P$7:P$159)+SUMIF('10'!$D$7:$D$159,$C37,'10'!P$7:P$159)+SUMIF('11'!$D$7:$D$159,$C37,'11'!P$7:P$159)+SUMIF('12'!$D$7:$D$159,$C37,'12'!P$7:P$159)+SUMIF('01'!$D$7:$D$159,$C37,'01'!P$7:P$159) | O38: =SUMIF('09'!$D$7:$D$159,$C37,'09'!Q$7:Q$159)+SUMIF('10'!$D$7:$D$159,$C37,'10'!Q$7:Q$159)+SUMIF('11'!$D$7:$D$159,$C37,'11'!Q$7:Q$159)+SUMIF('12'!$D$7:$D$159,$C37,'12'!Q$7:Q$159)+SUMIF('01'!$D$7:$D$159,$C37,'01'!Q$7:Q$159) | P38: =SUMIF('09'!$D$7:$D$159,$C37,'09'!R$7:R$159)+SUMIF('10'!$D$7:$D$159,$C37,'10'!R$7:R$159)+SUMIF('11'!$D$7:$D$159,$C37,'11'!R$7:R$159)+SUMIF('12'!$D$7:$D$159,$C37,'12'!R$7:R$159)+SUMIF('01'!$D$7:$D$159,$C37,'01'!R$7:R$159) | Q38: =SUMIF('09'!$D$7:$D$159,$C37,'09'!S$7:S$159)+SUMIF('10'!$D$7:$D$159,$C37,'10'!S$7:S$159)+SUMIF('11'!$D$7:$D$159,$C37,'11'!S$7:S$159)+SUMIF('12'!$D$7:$D$159,$C37,'12'!S$7:S$159)+SUMIF('01'!$D$7:$D$159,$C37,'01'!S$7:S$159) | ... W38: =SUMIF('09'!$D$7:$D$159,$C37,'09'!Y$7:Y$159)+SUMIF('10'!$D$7:$D$159,$C37,'10'!Y$7:Y$159)+SUMIF('11'!$D$7:$D$159,$C37,'11'!Y$7:Y$159)+SUMIF('12'!$D$7:$D$159,$C37,'12'!Y$7:Y$159)+SUMIF('01'!$D$7:$D$159,$C37,'01'!Y$7:Y$159) | X38: =SUM(J38:W38)
A39: =IF(OR(C39="0",COUNTIF(КлючОсень,C39)>1),0,MATCH(F39,ВидыНагр,0)) | B39: =(COUNTA(D39:F40,J39:W39,H39:I40)=0) | C39: =IF(OR(TRIM(D39)="",COUNTIF(ВидыНагр,F39)<>1),"0",CONCATENATE("$",TRIM(D39),"$",TRIM(E39),"$",F39,"$")) | G39: план | X39: =SUM(J39:W39) | Y39: =X40-X39
A40: =-A39 | B40: =B39 | G40: факт | J40: =SUMIF('09'!$D$7:$D$159,$C39,'09'!L$7:L$159)+SUMIF('10'!$D$7:$D$159,$C39,'10'!L$7:L$159)+SUMIF('11'!$D$7:$D$159,$C39,'11'!L$7:L$159)+SUMIF('12'!$D$7:$D$159,$C39,'12'!L$7:L$159)+SUMIF('01'!$D$7:$D$159,$C39,'01'!L$7:L$159) | K40: =SUMIF('09'!$D$7:$D$159,$C39,'09'!M$7:M$159)+SUMIF('10'!$D$7:$D$159,$C39,'10'!M$7:M$159)+SUMIF('11'!$D$7:$D$159,$C39,'11'!M$7:M$159)+SUMIF('12'!$D$7:$D$159,$C39,'12'!M$7:M$159)+SUMIF('01'!$D$7:$D$159,$C39,'01'!M$7:M$159) | L40: =SUMIF('09'!$D$7:$D$159,$C39,'09'!N$7:N$159)+SUMIF('10'!$D$7:$D$159,$C39,'10'!N$7:N$159)+SUMIF('11'!$D$7:$D$159,$C39,'11'!N$7:N$159)+SUMIF('12'!$D$7:$D$159,$C39,'12'!N$7:N$159)+SUMIF('01'!$D$7:$D$159,$C39,'01'!N$7:N$159) | M40: =SUMIF('09'!$D$7:$D$159,$C39,'09'!O$7:O$159)+SUMIF('10'!$D$7:$D$159,$C39,'10'!O$7:O$159)+SUMIF('11'!$D$7:$D$159,$C39,'11'!O$7:O$159)+SUMIF('12'!$D$7:$D$159,$C39,'12'!O$7:O$159)+SUMIF('01'!$D$7:$D$159,$C39,'01'!O$7:O$159) | N40: =SUMIF('09'!$D$7:$D$159,$C39,'09'!P$7:P$159)+SUMIF('10'!$D$7:$D$159,$C39,'10'!P$7:P$159)+SUMIF('11'!$D$7:$D$159,$C39,'11'!P$7:P$159)+SUMIF('12'!$D$7:$D$159,$C39,'12'!P$7:P$159)+SUMIF('01'!$D$7:$D$159,$C39,'01'!P$7:P$159) | O40: =SUMIF('09'!$D$7:$D$159,$C39,'09'!Q$7:Q$159)+SUMIF('10'!$D$7:$D$159,$C39,'10'!Q$7:Q$159)+SUMIF('11'!$D$7:$D$159,$C39,'11'!Q$7:Q$159)+SUMIF('12'!$D$7:$D$159,$C39,'12'!Q$7:Q$159)+SUMIF('01'!$D$7:$D$159,$C39,'01'!Q$7:Q$159) | P40: =SUMIF('09'!$D$7:$D$159,$C39,'09'!R$7:R$159)+SUMIF('10'!$D$7:$D$159,$C39,'10'!R$7:R$159)+SUMIF('11'!$D$7:$D$159,$C39,'11'!R$7:R$159)+SUMIF('12'!$D$7:$D$159,$C39,'12'!R$7:R$159)+SUMIF('01'!$D$7:$D$159,$C39,'01'!R$7:R$159) | Q40: =SUMIF('09'!$D$7:$D$159,$C39,'09'!S$7:S$159)+SUMIF('10'!$D$7:$D$159,$C39,'10'!S$7:S$159)+SUMIF('11'!$D$7:$D$159,$C39,'11'!S$7:S$159)+SUMIF('12'!$D$7:$D$159,$C39,'12'!S$7:S$159)+SUMIF('01'!$D$7:$D$159,$C39,'01'!S$7:S$159) | ... W40: =SUMIF('09'!$D$7:$D$159,$C39,'09'!Y$7:Y$159)+SUMIF('10'!$D$7:$D$159,$C39,'10'!Y$7:Y$159)+SUMIF('11'!$D$7:$D$159,$C39,'11'!Y$7:Y$159)+SUMIF('12'!$D$7:$D$159,$C39,'12'!Y$7:Y$159)+SUMIF('01'!$D$7:$D$159,$C39,'01'!Y$7:Y$159) | X40: =SUM(J40:W40)
A41: =IF(OR(C41="0",COUNTIF(КлючОсень,C41)>1),0,MATCH(F41,ВидыНагр,0)) | B41: =(COUNTA(D41:F42,J41:W41,H41:I42)=0) | C41: =IF(OR(TRIM(D41)="",COUNTIF(ВидыНагр,F41)<>1),"0",CONCATENATE("$",TRIM(D41),"$",TRIM(E41),"$",F41,"$")) | G41: план | X41: =SUM(J41:W41) | Y41: =X42-X41
A42: =-A41 | B42: =B41 | G42: факт | J42: =SUMIF('09'!$D$7:$D$159,$C41,'09'!L$7:L$159)+SUMIF('10'!$D$7:$D$159,$C41,'10'!L$7:L$159)+SUMIF('11'!$D$7:$D$159,$C41,'11'!L$7:L$159)+SUMIF('12'!$D$7:$D$159,$C41,'12'!L$7:L$159)+SUMIF('01'!$D$7:$D$159,$C41,'01'!L$7:L$159) | K42: =SUMIF('09'!$D$7:$D$159,$C41,'09'!M$7:M$159)+SUMIF('10'!$D$7:$D$159,$C41,'10'!M$7:M$159)+SUMIF('11'!$D$7:$D$159,$C41,'11'!M$7:M$159)+SUMIF('12'!$D$7:$D$159,$C41,'12'!M$7:M$159)+SUMIF('01'!$D$7:$D$159,$C41,'01'!M$7:M$159) | L42: =SUMIF('09'!$D$7:$D$159,$C41,'09'!N$7:N$159)+SUMIF('10'!$D$7:$D$159,$C41,'10'!N$7:N$159)+SUMIF('11'!$D$7:$D$159,$C41,'11'!N$7:N$159)+SUMIF('12'!$D$7:$D$159,$C41,'12'!N$7:N$159)+SUMIF('01'!$D$7:$D$159,$C41,'01'!N$7:N$159) | M42: =SUMIF('09'!$D$7:$D$159,$C41,'09'!O$7:O$159)+SUMIF('10'!$D$7:$D$159,$C41,'10'!O$7:O$159)+SUMIF('11'!$D$7:$D$159,$C41,'11'!O$7:O$159)+SUMIF('12'!$D$7:$D$159,$C41,'12'!O$7:O$159)+SUMIF('01'!$D$7:$D$159,$C41,'01'!O$7:O$159) | N42: =SUMIF('09'!$D$7:$D$159,$C41,'09'!P$7:P$159)+SUMIF('10'!$D$7:$D$159,$C41,'10'!P$7:P$159)+SUMIF('11'!$D$7:$D$159,$C41,'11'!P$7:P$159)+SUMIF('12'!$D$7:$D$159,$C41,'12'!P$7:P$159)+SUMIF('01'!$D$7:$D$159,$C41,'01'!P$7:P$159) | O42: =SUMIF('09'!$D$7:$D$159,$C41,'09'!Q$7:Q$159)+SUMIF('10'!$D$7:$D$159,$C41,'10'!Q$7:Q$159)+SUMIF('11'!$D$7:$D$159,$C41,'11'!Q$7:Q$159)+SUMIF('12'!$D$7:$D$159,$C41,'12'!Q$7:Q$159)+SUMIF('01'!$D$7:$D$159,$C41,'01'!Q$7:Q$159) | P42: =SUMIF('09'!$D$7:$D$159,$C41,'09'!R$7:R$159)+SUMIF('10'!$D$7:$D$159,$C41,'10'!R$7:R$159)+SUMIF('11'!$D$7:$D$159,$C41,'11'!R$7:R$159)+SUMIF('12'!$D$7:$D$159,$C41,'12'!R$7:R$159)+SUMIF('01'!$D$7:$D$159,$C41,'01'!R$7:R$159) | Q42: =SUMIF('09'!$D$7:$D$159,$C41,'09'!S$7:S$159)+SUMIF('10'!$D$7:$D$159,$C41,'10'!S$7:S$159)+SUMIF('11'!$D$7:$D$159,$C41,'11'!S$7:S$159)+SUMIF('12'!$D$7:$D$159,$C41,'12'!S$7:S$159)+SUMIF('01'!$D$7:$D$159,$C41,'01'!S$7:S$159) | ... W42: =SUMIF('09'!$D$7:$D$159,$C41,'09'!Y$7:Y$159)+SUMIF('10'!$D$7:$D$159,$C41,'10'!Y$7:Y$159)+SUMIF('11'!$D$7:$D$159,$C41,'11'!Y$7:Y$159)+SUMIF('12'!$D$7:$D$159,$C41,'12'!Y$7:Y$159)+SUMIF('01'!$D$7:$D$159,$C41,'01'!Y$7:Y$159) | X42: =SUM(J42:W42)
A43: =IF(OR(C43="0",COUNTIF(КлючОсень,C43)>1),0,MATCH(F43,ВидыНагр,0)) | B43: =(COUNTA(D43:F44,J43:W43,H43:I44)=0) | C43: =IF(OR(TRIM(D43)="",COUNTIF(ВидыНагр,F43)<>1),"0",CONCATENATE("$",TRIM(D43),"$",TRIM(E43),"$",F43,"$")) | G43: план | X43: =SUM(J43:W43) | Y43: =X44-X43
A44: =-A43 | B44: =B43 | G44: факт | J44: =SUMIF('09'!$D$7:$D$159,$C43,'09'!L$7:L$159)+SUMIF('10'!$D$7:$D$159,$C43,'10'!L$7:L$159)+SUMIF('11'!$D$7:$D$159,$C43,'11'!L$7:L$159)+SUMIF('12'!$D$7:$D$159,$C43,'12'!L$7:L$159)+SUMIF('01'!$D$7:$D$159,$C43,'01'!L$7:L$159) | K44: =SUMIF('09'!$D$7:$D$159,$C43,'09'!M$7:M$159)+SUMIF('10'!$D$7:$D$159,$C43,'10'!M$7:M$159)+SUMIF('11'!$D$7:$D$159,$C43,'11'!M$7:M$159)+SUMIF('12'!$D$7:$D$159,$C43,'12'!M$7:M$159)+SUMIF('01'!$D$7:$D$159,$C43,'01'!M$7:M$159) | L44: =SUMIF('09'!$D$7:$D$159,$C43,'09'!N$7:N$159)+SUMIF('10'!$D$7:$D$159,$C43,'10'!N$7:N$159)+SUMIF('11'!$D$7:$D$159,$C43,'11'!N$7:N$159)+SUMIF('12'!$D$7:$D$159,$C43,'12'!N$7:N$159)+SUMIF('01'!$D$7:$D$159,$C43,'01'!N$7:N$159) | M44: =SUMIF('09'!$D$7:$D$159,$C43,'09'!O$7:O$159)+SUMIF('10'!$D$7:$D$159,$C43,'10'!O$7:O$159)+SUMIF('11'!$D$7:$D$159,$C43,'11'!O$7:O$159)+SUMIF('12'!$D$7:$D$159,$C43,'12'!O$7:O$159)+SUMIF('01'!$D$7:$D$159,$C43,'01'!O$7:O$159) | N44: =SUMIF('09'!$D$7:$D$159,$C43,'09'!P$7:P$159)+SUMIF('10'!$D$7:$D$159,$C43,'10'!P$7:P$159)+SUMIF('11'!$D$7:$D$159,$C43,'11'!P$7:P$159)+SUMIF('12'!$D$7:$D$159,$C43,'12'!P$7:P$159)+SUMIF('01'!$D$7:$D$159,$C43,'01'!P$7:P$159) | O44: =SUMIF('09'!$D$7:$D$159,$C43,'09'!Q$7:Q$159)+SUMIF('10'!$D$7:$D$159,$C43,'10'!Q$7:Q$159)+SUMIF('11'!$D$7:$D$159,$C43,'11'!Q$7:Q$159)+SUMIF('12'!$D$7:$D$159,$C43,'12'!Q$7:Q$159)+SUMIF('01'!$D$7:$D$159,$C43,'01'!Q$7:Q$159) | P44: =SUMIF('09'!$D$7:$D$159,$C43,'09'!R$7:R$159)+SUMIF('10'!$D$7:$D$159,$C43,'10'!R$7:R$159)+SUMIF('11'!$D$7:$D$159,$C43,'11'!R$7:R$159)+SUMIF('12'!$D$7:$D$159,$C43,'12'!R$7:R$159)+SUMIF('01'!$D$7:$D$159,$C43,'01'!R$7:R$159) | Q44: =SUMIF('09'!$D$7:$D$159,$C43,'09'!S$7:S$159)+SUMIF('10'!$D$7:$D$159,$C43,'10'!S$7:S$159)+SUMIF('11'!$D$7:$D$159,$C43,'11'!S$7:S$159)+SUMIF('12'!$D$7:$D$159,$C43,'12'!S$7:S$159)+SUMIF('01'!$D$7:$D$159,$C43,'01'!S$7:S$159) | ... W44: =SUMIF('09'!$D$7:$D$159,$C43,'09'!Y$7:Y$159)+SUMIF('10'!$D$7:$D$159,$C43,'10'!Y$7:Y$159)+SUMIF('11'!$D$7:$D$159,$C43,'11'!Y$7:Y$159)+SUMIF('12'!$D$7:$D$159,$C43,'12'!Y$7:Y$159)+SUMIF('01'!$D$7:$D$159,$C43,'01'!Y$7:Y$159) | X44: =SUM(J44:W44)
A45: =IF(OR(C45="0",COUNTIF(КлючОсень,C45)>1),0,MATCH(F45,ВидыНагр,0)) | B45: =(COUNTA(D45:F46,J45:W45,H45:I46)=0) | C45: =IF(OR(TRIM(D45)="",COUNTIF(ВидыНагр,F45)<>1),"0",CONCATENATE("$",TRIM(D45),"$",TRIM(E45),"$",F45,"$")) | G45: план | X45: =SUM(J45:W45) | Y45: =X46-X45
A46: =-A45 | B46: =B45 | G46: факт | J46: =SUMIF('09'!$D$7:$D$159,$C45,'09'!L$7:L$159)+SUMIF('10'!$D$7:$D$159,$C45,'10'!L$7:L$159)+SUMIF('11'!$D$7:$D$159,$C45,'11'!L$7:L$159)+SUMIF('12'!$D$7:$D$159,$C45,'12'!L$7:L$159)+SUMIF('01'!$D$7:$D$159,$C45,'01'!L$7:L$159) | K46: =SUMIF('09'!$D$7:$D$159,$C45,'09'!M$7:M$159)+SUMIF('10'!$D$7:$D$159,$C45,'10'!M$7:M$159)+SUMIF('11'!$D$7:$D$159,$C45,'11'!M$7:M$159)+SUMIF('12'!$D$7:$D$159,$C45,'12'!M$7:M$159)+SUMIF('01'!$D$7:$D$159,$C45,'01'!M$7:M$159) | L46: =SUMIF('09'!$D$7:$D$159,$C45,'09'!N$7:N$159)+SUMIF('10'!$D$7:$D$159,$C45,'10'!N$7:N$159)+SUMIF('11'!$D$7:$D$159,$C45,'11'!N$7:N$159)+SUMIF('12'!$D$7:$D$159,$C45,'12'!N$7:N$159)+SUMIF('01'!$D$7:$D$159,$C45,'01'!N$7:N$159) | M46: =SUMIF('09'!$D$7:$D$159,$C45,'09'!O$7:O$159)+SUMIF('10'!$D$7:$D$159,$C45,'10'!O$7:O$159)+SUMIF('11'!$D$7:$D$159,$C45,'11'!O$7:O$159)+SUMIF('12'!$D$7:$D$159,$C45,'12'!O$7:O$159)+SUMIF('01'!$D$7:$D$159,$C45,'01'!O$7:O$159) | N46: =SUMIF('09'!$D$7:$D$159,$C45,'09'!P$7:P$159)+SUMIF('10'!$D$7:$D$159,$C45,'10'!P$7:P$159)+SUMIF('11'!$D$7:$D$159,$C45,'11'!P$7:P$159)+SUMIF('12'!$D$7:$D$159,$C45,'12'!P$7:P$159)+SUMIF('01'!$D$7:$D$159,$C45,'01'!P$7:P$159) | O46: =SUMIF('09'!$D$7:$D$159,$C45,'09'!Q$7:Q$159)+SUMIF('10'!$D$7:$D$159,$C45,'10'!Q$7:Q$159)+SUMIF('11'!$D$7:$D$159,$C45,'11'!Q$7:Q$159)+SUMIF('12'!$D$7:$D$159,$C45,'12'!Q$7:Q$159)+SUMIF('01'!$D$7:$D$159,$C45,'01'!Q$7:Q$159) | P46: =SUMIF('09'!$D$7:$D$159,$C45,'09'!R$7:R$159)+SUMIF('10'!$D$7:$D$159,$C45,'10'!R$7:R$159)+SUMIF('11'!$D$7:$D$159,$C45,'11'!R$7:R$159)+SUMIF('12'!$D$7:$D$159,$C45,'12'!R$7:R$159)+SUMIF('01'!$D$7:$D$159,$C45,'01'!R$7:R$159) | Q46: =SUMIF('09'!$D$7:$D$159,$C45,'09'!S$7:S$159)+SUMIF('10'!$D$7:$D$159,$C45,'10'!S$7:S$159)+SUMIF('11'!$D$7:$D$159,$C45,'11'!S$7:S$159)+SUMIF('12'!$D$7:$D$159,$C45,'12'!S$7:S$159)+SUMIF('01'!$D$7:$D$159,$C45,'01'!S$7:S$159) | ... W46: =SUMIF('09'!$D$7:$D$159,$C45,'09'!Y$7:Y$159)+SUMIF('10'!$D$7:$D$159,$C45,'10'!Y$7:Y$159)+SUMIF('11'!$D$7:$D$159,$C45,'11'!Y$7:Y$159)+SUMIF('12'!$D$7:$D$159,$C45,'12'!Y$7:Y$159)+SUMIF('01'!$D$7:$D$159,$C45,'01'!Y$7:Y$159) | X46: =SUM(J46:W46)
A47: =IF(OR(C47="0",COUNTIF(КлючОсень,C47)>1),0,MATCH(F47,ВидыНагр,0)) | B47: =(COUNTA(D47:F48,J47:W47,H47:I48)=0) | C47: =IF(OR(TRIM(D47)="",COUNTIF(ВидыНагр,F47)<>1),"0",CONCATENATE("$",TRIM(D47),"$",TRIM(E47),"$",F47,"$")) | G47: план | X47: =SUM(J47:W47) | Y47: =X48-X47
A48: =-A47 | B48: =B47 | G48: факт | J48: =SUMIF('09'!$D$7:$D$159,$C47,'09'!L$7:L$159)+SUMIF('10'!$D$7:$D$159,$C47,'10'!L$7:L$159)+SUMIF('11'!$D$7:$D$159,$C47,'11'!L$7:L$159)+SUMIF('12'!$D$7:$D$159,$C47,'12'!L$7:L$159)+SUMIF('01'!$D$7:$D$159,$C47,'01'!L$7:L$159) | K48: =SUMIF('09'!$D$7:$D$159,$C47,'09'!M$7:M$159)+SUMIF('10'!$D$7:$D$159,$C47,'10'!M$7:M$159)+SUMIF('11'!$D$7:$D$159,$C47,'11'!M$7:M$159)+SUMIF('12'!$D$7:$D$159,$C47,'12'!M$7:M$159)+SUMIF('01'!$D$7:$D$159,$C47,'01'!M$7:M$159) | L48: =SUMIF('09'!$D$7:$D$159,$C47,'09'!N$7:N$159)+SUMIF('10'!$D$7:$D$159,$C47,'10'!N$7:N$159)+SUMIF('11'!$D$7:$D$159,$C47,'11'!N$7:N$159)+SUMIF('12'!$D$7:$D$159,$C47,'12'!N$7:N$159)+SUMIF('01'!$D$7:$D$159,$C47,'01'!N$7:N$159) | M48: =SUMIF('09'!$D$7:$D$159,$C47,'09'!O$7:O$159)+SUMIF('10'!$D$7:$D$159,$C47,'10'!O$7:O$159)+SUMIF('11'!$D$7:$D$159,$C47,'11'!O$7:O$159)+SUMIF('12'!$D$7:$D$159,$C47,'12'!O$7:O$159)+SUMIF('01'!$D$7:$D$159,$C47,'01'!O$7:O$159) | N48: =SUMIF('09'!$D$7:$D$159,$C47,'09'!P$7:P$159)+SUMIF('10'!$D$7:$D$159,$C47,'10'!P$7:P$159)+SUMIF('11'!$D$7:$D$159,$C47,'11'!P$7:P$159)+SUMIF('12'!$D$7:$D$159,$C47,'12'!P$7:P$159)+SUMIF('01'!$D$7:$D$159,$C47,'01'!P$7:P$159) | O48: =SUMIF('09'!$D$7:$D$159,$C47,'09'!Q$7:Q$159)+SUMIF('10'!$D$7:$D$159,$C47,'10'!Q$7:Q$159)+SUMIF('11'!$D$7:$D$159,$C47,'11'!Q$7:Q$159)+SUMIF('12'!$D$7:$D$159,$C47,'12'!Q$7:Q$159)+SUMIF('01'!$D$7:$D$159,$C47,'01'!Q$7:Q$159) | P48: =SUMIF('09'!$D$7:$D$159,$C47,'09'!R$7:R$159)+SUMIF('10'!$D$7:$D$159,$C47,'10'!R$7:R$159)+SUMIF('11'!$D$7:$D$159,$C47,'11'!R$7:R$159)+SUMIF('12'!$D$7:$D$159,$C47,'12'!R$7:R$159)+SUMIF('01'!$D$7:$D$159,$C47,'01'!R$7:R$159) | Q48: =SUMIF('09'!$D$7:$D$159,$C47,'09'!S$7:S$159)+SUMIF('10'!$D$7:$D$159,$C47,'10'!S$7:S$159)+SUMIF('11'!$D$7:$D$159,$C47,'11'!S$7:S$159)+SUMIF('12'!$D$7:$D$159,$C47,'12'!S$7:S$159)+SUMIF('01'!$D$7:$D$159,$C47,'01'!S$7:S$159) | ... W48: =SUMIF('09'!$D$7:$D$159,$C47,'09'!Y$7:Y$159)+SUMIF('10'!$D$7:$D$159,$C47,'10'!Y$7:Y$159)+SUMIF('11'!$D$7:$D$159,$C47,'11'!Y$7:Y$159)+SUMIF('12'!$D$7:$D$159,$C47,'12'!Y$7:Y$159)+SUMIF('01'!$D$7:$D$159,$C47,'01'!Y$7:Y$159) | X48: =SUM(J48:W48)
A49: =IF(OR(C49="0",COUNTIF(КлючОсень,C49)>1),0,MATCH(F49,ВидыНагр,0)) | B49: =(COUNTA(D49:F50,J49:W49,H49:I50)=0) | C49: =IF(OR(TRIM(D49)="",COUNTIF(ВидыНагр,F49)<>1),"0",CONCATENATE("$",TRIM(D49),"$",TRIM(E49),"$",F49,"$")) | G49: план | X49: =SUM(J49:W49) | Y49: =X50-X49
A50: =-A49 | B50: =B49 | G50: факт | J50: =SUMIF('09'!$D$7:$D$159,$C49,'09'!L$7:L$159)+SUMIF('10'!$D$7:$D$159,$C49,'10'!L$7:L$159)+SUMIF('11'!$D$7:$D$159,$C49,'11'!L$7:L$159)+SUMIF('12'!$D$7:$D$159,$C49,'12'!L$7:L$159)+SUMIF('01'!$D$7:$D$159,$C49,'01'!L$7:L$159) | K50: =SUMIF('09'!$D$7:$D$159,$C49,'09'!M$7:M$159)+SUMIF('10'!$D$7:$D$159,$C49,'10'!M$7:M$159)+SUMIF('11'!$D$7:$D$159,$C49,'11'!M$7:M$159)+SUMIF('12'!$D$7:$D$159,$C49,'12'!M$7:M$159)+SUMIF('01'!$D$7:$D$159,$C49,'01'!M$7:M$159) | L50: =SUMIF('09'!$D$7:$D$159,$C49,'09'!N$7:N$159)+SUMIF('10'!$D$7:$D$159,$C49,'10'!N$7:N$159)+SUMIF('11'!$D$7:$D$159,$C49,'11'!N$7:N$159)+SUMIF('12'!$D$7:$D$159,$C49,'12'!N$7:N$159)+SUMIF('01'!$D$7:$D$159,$C49,'01'!N$7:N$159) | M50: =SUMIF('09'!$D$7:$D$159,$C49,'09'!O$7:O$159)+SUMIF('10'!$D$7:$D$159,$C49,'10'!O$7:O$159)+SUMIF('11'!$D$7:$D$159,$C49,'11'!O$7:O$159)+SUMIF('12'!$D$7:$D$159,$C49,'12'!O$7:O$159)+SUMIF('01'!$D$7:$D$159,$C49,'01'!O$7:O$159) | N50: =SUMIF('09'!$D$7:$D$159,$C49,'09'!P$7:P$159)+SUMIF('10'!$D$7:$D$159,$C49,'10'!P$7:P$159)+SUMIF('11'!$D$7:$D$159,$C49,'11'!P$7:P$159)+SUMIF('12'!$D$7:$D$159,$C49,'12'!P$7:P$159)+SUMIF('01'!$D$7:$D$159,$C49,'01'!P$7:P$159) | O50: =SUMIF('09'!$D$7:$D$159,$C49,'09'!Q$7:Q$159)+SUMIF('10'!$D$7:$D$159,$C49,'10'!Q$7:Q$159)+SUMIF('11'!$D$7:$D$159,$C49,'11'!Q$7:Q$159)+SUMIF('12'!$D$7:$D$159,$C49,'12'!Q$7:Q$159)+SUMIF('01'!$D$7:$D$159,$C49,'01'!Q$7:Q$159) | P50: =SUMIF('09'!$D$7:$D$159,$C49,'09'!R$7:R$159)+SUMIF('10'!$D$7:$D$159,$C49,'10'!R$7:R$159)+SUMIF('11'!$D$7:$D$159,$C49,'11'!R$7:R$159)+SUMIF('12'!$D$7:$D$159,$C49,'12'!R$7:R$159)+SUMIF('01'!$D$7:$D$159,$C49,'01'!R$7:R$159) | Q50: =SUMIF('09'!$D$7:$D$159,$C49,'09'!S$7:S$159)+SUMIF('10'!$D$7:$D$159,$C49,'10'!S$7:S$159)+SUMIF('11'!$D$7:$D$159,$C49,'11'!S$7:S$159)+SUMIF('12'!$D$7:$D$159,$C49,'12'!S$7:S$159)+SUMIF('01'!$D$7:$D$159,$C49,'01'!S$7:S$159) | ... W50: =SUMIF('09'!$D$7:$D$159,$C49,'09'!Y$7:Y$159)+SUMIF('10'!$D$7:$D$159,$C49,'10'!Y$7:Y$159)+SUMIF('11'!$D$7:$D$159,$C49,'11'!Y$7:Y$159)+SUMIF('12'!$D$7:$D$159,$C49,'12'!Y$7:Y$159)+SUMIF('01'!$D$7:$D$159,$C49,'01'!Y$7:Y$159) | X50: =SUM(J50:W50)
A51: =IF(OR(C51="0",COUNTIF(КлючОсень,C51)>1),0,MATCH(F51,ВидыНагр,0)) | B51: =(COUNTA(D51:F52,J51:W51,H51:I52)=0) | C51: =IF(OR(TRIM(D51)="",COUNTIF(ВидыНагр,F51)<>1),"0",CONCATENATE("$",TRIM(D51),"$",TRIM(E51),"$",F51,"$")) | G51: план | X51: =SUM(J51:W51) | Y51: =X52-X51
A52: =-A51 | B52: =B51 | G52: факт | J52: =SUMIF('09'!$D$7:$D$159,$C51,'09'!L$7:L$159)+SUMIF('10'!$D$7:$D$159,$C51,'10'!L$7:L$159)+SUMIF('11'!$D$7:$D$159,$C51,'11'!L$7:L$159)+SUMIF('12'!$D$7:$D$159,$C51,'12'!L$7:L$159)+SUMIF('01'!$D$7:$D$159,$C51,'01'!L$7:L$159) | K52: =SUMIF('09'!$D$7:$D$159,$C51,'09'!M$7:M$159)+SUMIF('10'!$D$7:$D$159,$C51,'10'!M$7:M$159)+SUMIF('11'!$D$7:$D$159,$C51,'11'!M$7:M$159)+SUMIF('12'!$D$7:$D$159,$C51,'12'!M$7:M$159)+SUMIF('01'!$D$7:$D$159,$C51,'01'!M$7:M$159) | L52: =SUMIF('09'!$D$7:$D$159,$C51,'09'!N$7:N$159)+SUMIF('10'!$D$7:$D$159,$C51,'10'!N$7:N$159)+SUMIF('11'!$D$7:$D$159,$C51,'11'!N$7:N$159)+SUMIF('12'!$D$7:$D$159,$C51,'12'!N$7:N$159)+SUMIF('01'!$D$7:$D$159,$C51,'01'!N$7:N$159) | M52: =SUMIF('09'!$D$7:$D$159,$C51,'09'!O$7:O$159)+SUMIF('10'!$D$7:$D$159,$C51,'10'!O$7:O$159)+SUMIF('11'!$D$7:$D$159,$C51,'11'!O$7:O$159)+SUMIF('12'!$D$7:$D$159,$C51,'12'!O$7:O$159)+SUMIF('01'!$D$7:$D$159,$C51,'01'!O$7:O$159) | N52: =SUMIF('09'!$D$7:$D$159,$C51,'09'!P$7:P$159)+SUMIF('10'!$D$7:$D$159,$C51,'10'!P$7:P$159)+SUMIF('11'!$D$7:$D$159,$C51,'11'!P$7:P$159)+SUMIF('12'!$D$7:$D$159,$C51,'12'!P$7:P$159)+SUMIF('01'!$D$7:$D$159,$C51,'01'!P$7:P$159) | O52: =SUMIF('09'!$D$7:$D$159,$C51,'09'!Q$7:Q$159)+SUMIF('10'!$D$7:$D$159,$C51,'10'!Q$7:Q$159)+SUMIF('11'!$D$7:$D$159,$C51,'11'!Q$7:Q$159)+SUMIF('12'!$D$7:$D$159,$C51,'12'!Q$7:Q$159)+SUMIF('01'!$D$7:$D$159,$C51,'01'!Q$7:Q$159) | P52: =SUMIF('09'!$D$7:$D$159,$C51,'09'!R$7:R$159)+SUMIF('10'!$D$7:$D$159,$C51,'10'!R$7:R$159)+SUMIF('11'!$D$7:$D$159,$C51,'11'!R$7:R$159)+SUMIF('12'!$D$7:$D$159,$C51,'12'!R$7:R$159)+SUMIF('01'!$D$7:$D$159,$C51,'01'!R$7:R$159) | Q52: =SUMIF('09'!$D$7:$D$159,$C51,'09'!S$7:S$159)+SUMIF('10'!$D$7:$D$159,$C51,'10'!S$7:S$159)+SUMIF('11'!$D$7:$D$159,$C51,'11'!S$7:S$159)+SUMIF('12'!$D$7:$D$159,$C51,'12'!S$7:S$159)+SUMIF('01'!$D$7:$D$159,$C51,'01'!S$7:S$159) | ... W52: =SUMIF('09'!$D$7:$D$159,$C51,'09'!Y$7:Y$159)+SUMIF('10'!$D$7:$D$159,$C51,'10'!Y$7:Y$159)+SUMIF('11'!$D$7:$D$159,$C51,'11'!Y$7:Y$159)+SUMIF('12'!$D$7:$D$159,$C51,'12'!Y$7:Y$159)+SUMIF('01'!$D$7:$D$159,$C51,'01'!Y$7:Y$159) | X52: =SUM(J52:W52)
A53: =IF(OR(C53="0",COUNTIF(КлючОсень,C53)>1),0,MATCH(F53,ВидыНагр,0)) | B53: =(COUNTA(D53:F54,J53:W53,H53:I54)=0) | C53: =IF(OR(TRIM(D53)="",COUNTIF(ВидыНагр,F53)<>1),"0",CONCATENATE("$",TRIM(D53),"$",TRIM(E53),"$",F53,"$")) | G53: план | X53: =SUM(J53:W53) | Y53: =X54-X53
A54: =-A53 | B54: =B53 | G54: факт | J54: =SUMIF('09'!$D$7:$D$159,$C53,'09'!L$7:L$159)+SUMIF('10'!$D$7:$D$159,$C53,'10'!L$7:L$159)+SUMIF('11'!$D$7:$D$159,$C53,'11'!L$7:L$159)+SUMIF('12'!$D$7:$D$159,$C53,'12'!L$7:L$159)+SUMIF('01'!$D$7:$D$159,$C53,'01'!L$7:L$159) | K54: =SUMIF('09'!$D$7:$D$159,$C53,'09'!M$7:M$159)+SUMIF('10'!$D$7:$D$159,$C53,'10'!M$7:M$159)+SUMIF('11'!$D$7:$D$159,$C53,'11'!M$7:M$159)+SUMIF('12'!$D$7:$D$159,$C53,'12'!M$7:M$159)+SUMIF('01'!$D$7:$D$159,$C53,'01'!M$7:M$159) | L54: =SUMIF('09'!$D$7:$D$159,$C53,'09'!N$7:N$159)+SUMIF('10'!$D$7:$D$159,$C53,'10'!N$7:N$159)+SUMIF('11'!$D$7:$D$159,$C53,'11'!N$7:N$159)+SUMIF('12'!$D$7:$D$159,$C53,'12'!N$7:N$159)+SUMIF('01'!$D$7:$D$159,$C53,'01'!N$7:N$159) | M54: =SUMIF('09'!$D$7:$D$159,$C53,'09'!O$7:O$159)+SUMIF('10'!$D$7:$D$159,$C53,'10'!O$7:O$159)+SUMIF('11'!$D$7:$D$159,$C53,'11'!O$7:O$159)+SUMIF('12'!$D$7:$D$159,$C53,'12'!O$7:O$159)+SUMIF('01'!$D$7:$D$159,$C53,'01'!O$7:O$159) | N54: =SUMIF('09'!$D$7:$D$159,$C53,'09'!P$7:P$159)+SUMIF('10'!$D$7:$D$159,$C53,'10'!P$7:P$159)+SUMIF('11'!$D$7:$D$159,$C53,'11'!P$7:P$159)+SUMIF('12'!$D$7:$D$159,$C53,'12'!P$7:P$159)+SUMIF('01'!$D$7:$D$159,$C53,'01'!P$7:P$159) | O54: =SUMIF('09'!$D$7:$D$159,$C53,'09'!Q$7:Q$159)+SUMIF('10'!$D$7:$D$159,$C53,'10'!Q$7:Q$159)+SUMIF('11'!$D$7:$D$159,$C53,'11'!Q$7:Q$159)+SUMIF('12'!$D$7:$D$159,$C53,'12'!Q$7:Q$159)+SUMIF('01'!$D$7:$D$159,$C53,'01'!Q$7:Q$159) | P54: =SUMIF('09'!$D$7:$D$159,$C53,'09'!R$7:R$159)+SUMIF('10'!$D$7:$D$159,$C53,'10'!R$7:R$159)+SUMIF('11'!$D$7:$D$159,$C53,'11'!R$7:R$159)+SUMIF('12'!$D$7:$D$159,$C53,'12'!R$7:R$159)+SUMIF('01'!$D$7:$D$159,$C53,'01'!R$7:R$159) | Q54: =SUMIF('09'!$D$7:$D$159,$C53,'09'!S$7:S$159)+SUMIF('10'!$D$7:$D$159,$C53,'10'!S$7:S$159)+SUMIF('11'!$D$7:$D$159,$C53,'11'!S$7:S$159)+SUMIF('12'!$D$7:$D$159,$C53,'12'!S$7:S$159)+SUMIF('01'!$D$7:$D$159,$C53,'01'!S$7:S$159) | ... W54: =SUMIF('09'!$D$7:$D$159,$C53,'09'!Y$7:Y$159)+SUMIF('10'!$D$7:$D$159,$C53,'10'!Y$7:Y$159)+SUMIF('11'!$D$7:$D$159,$C53,'11'!Y$7:Y$159)+SUMIF('12'!$D$7:$D$159,$C53,'12'!Y$7:Y$159)+SUMIF('01'!$D$7:$D$159,$C53,'01'!Y$7:Y$159) | X54: =SUM(J54:W54)
A55: =IF(OR(C55="0",COUNTIF(КлючОсень,C55)>1),0,MATCH(F55,ВидыНагр,0)) | B55: =(COUNTA(D55:F56,J55:W55,H55:I56)=0) | C55: =IF(OR(TRIM(D55)="",COUNTIF(ВидыНагр,F55)<>1),"0",CONCATENATE("$",TRIM(D55),"$",TRIM(E55),"$",F55,"$")) | G55: план | X55: =SUM(J55:W55) | Y55: =X56-X55
A56: =-A55 | B56: =B55 | G56: факт | J56: =SUMIF('09'!$D$7:$D$159,$C55,'09'!L$7:L$159)+SUMIF('10'!$D$7:$D$159,$C55,'10'!L$7:L$159)+SUMIF('11'!$D$7:$D$159,$C55,'11'!L$7:L$159)+SUMIF('12'!$D$7:$D$159,$C55,'12'!L$7:L$159)+SUMIF('01'!$D$7:$D$159,$C55,'01'!L$7:L$159) | K56: =SUMIF('09'!$D$7:$D$159,$C55,'09'!M$7:M$159)+SUMIF('10'!$D$7:$D$159,$C55,'10'!M$7:M$159)+SUMIF('11'!$D$7:$D$159,$C55,'11'!M$7:M$159)+SUMIF('12'!$D$7:$D$159,$C55,'12'!M$7:M$159)+SUMIF('01'!$D$7:$D$159,$C55,'01'!M$7:M$159) | L56: =SUMIF('09'!$D$7:$D$159,$C55,'09'!N$7:N$159)+SUMIF('10'!$D$7:$D$159,$C55,'10'!N$7:N$159)+SUMIF('11'!$D$7:$D$159,$C55,'11'!N$7:N$159)+SUMIF('12'!$D$7:$D$159,$C55,'12'!N$7:N$159)+SUMIF('01'!$D$7:$D$159,$C55,'01'!N$7:N$159) | M56: =SUMIF('09'!$D$7:$D$159,$C55,'09'!O$7:O$159)+SUMIF('10'!$D$7:$D$159,$C55,'10'!O$7:O$159)+SUMIF('11'!$D$7:$D$159,$C55,'11'!O$7:O$159)+SUMIF('12'!$D$7:$D$159,$C55,'12'!O$7:O$159)+SUMIF('01'!$D$7:$D$159,$C55,'01'!O$7:O$159) | N56: =SUMIF('09'!$D$7:$D$159,$C55,'09'!P$7:P$159)+SUMIF('10'!$D$7:$D$159,$C55,'10'!P$7:P$159)+SUMIF('11'!$D$7:$D$159,$C55,'11'!P$7:P$159)+SUMIF('12'!$D$7:$D$159,$C55,'12'!P$7:P$159)+SUMIF('01'!$D$7:$D$159,$C55,'01'!P$7:P$159) | O56: =SUMIF('09'!$D$7:$D$159,$C55,'09'!Q$7:Q$159)+SUMIF('10'!$D$7:$D$159,$C55,'10'!Q$7:Q$159)+SUMIF('11'!$D$7:$D$159,$C55,'11'!Q$7:Q$159)+SUMIF('12'!$D$7:$D$159,$C55,'12'!Q$7:Q$159)+SUMIF('01'!$D$7:$D$159,$C55,'01'!Q$7:Q$159) | P56: =SUMIF('09'!$D$7:$D$159,$C55,'09'!R$7:R$159)+SUMIF('10'!$D$7:$D$159,$C55,'10'!R$7:R$159)+SUMIF('11'!$D$7:$D$159,$C55,'11'!R$7:R$159)+SUMIF('12'!$D$7:$D$159,$C55,'12'!R$7:R$159)+SUMIF('01'!$D$7:$D$159,$C55,'01'!R$7:R$159) | Q56: =SUMIF('09'!$D$7:$D$159,$C55,'09'!S$7:S$159)+SUMIF('10'!$D$7:$D$159,$C55,'10'!S$7:S$159)+SUMIF('11'!$D$7:$D$159,$C55,'11'!S$7:S$159)+SUMIF('12'!$D$7:$D$159,$C55,'12'!S$7:S$159)+SUMIF('01'!$D$7:$D$159,$C55,'01'!S$7:S$159) | ... W56: =SUMIF('09'!$D$7:$D$159,$C55,'09'!Y$7:Y$159)+SUMIF('10'!$D$7:$D$159,$C55,'10'!Y$7:Y$159)+SUMIF('11'!$D$7:$D$159,$C55,'11'!Y$7:Y$159)+SUMIF('12'!$D$7:$D$159,$C55,'12'!Y$7:Y$159)+SUMIF('01'!$D$7:$D$159,$C55,'01'!Y$7:Y$159) | X56: =SUM(J56:W56)
A57: =IF(OR(C57="0",COUNTIF(КлючОсень,C57)>1),0,MATCH(F57,ВидыНагр,0)) | B57: =(COUNTA(D57:F58,J57:W57,H57:I58)=0) | C57: =IF(OR(TRIM(D57)="",COUNTIF(ВидыНагр,F57)<>1),"0",CONCATENATE("$",TRIM(D57),"$",TRIM(E57),"$",F57,"$")) | G57: план | X57: =SUM(J57:W57) | Y57: =X58-X57
A58: =-A57 | B58: =B57 | G58: факт | J58: =SUMIF('09'!$D$7:$D$159,$C57,'09'!L$7:L$159)+SUMIF('10'!$D$7:$D$159,$C57,'10'!L$7:L$159)+SUMIF('11'!$D$7:$D$159,$C57,'11'!L$7:L$159)+SUMIF('12'!$D$7:$D$159,$C57,'12'!L$7:L$159)+SUMIF('01'!$D$7:$D$159,$C57,'01'!L$7:L$159) | K58: =SUMIF('09'!$D$7:$D$159,$C57,'09'!M$7:M$159)+SUMIF('10'!$D$7:$D$159,$C57,'10'!M$7:M$159)+SUMIF('11'!$D$7:$D$159,$C57,'11'!M$7:M$159)+SUMIF('12'!$D$7:$D$159,$C57,'12'!M$7:M$159)+SUMIF('01'!$D$7:$D$159,$C57,'01'!M$7:M$159) | L58: =SUMIF('09'!$D$7:$D$159,$C57,'09'!N$7:N$159)+SUMIF('10'!$D$7:$D$159,$C57,'10'!N$7:N$159)+SUMIF('11'!$D$7:$D$159,$C57,'11'!N$7:N$159)+SUMIF('12'!$D$7:$D$159,$C57,'12'!N$7:N$159)+SUMIF('01'!$D$7:$D$159,$C57,'01'!N$7:N$159) | M58: =SUMIF('09'!$D$7:$D$159,$C57,'09'!O$7:O$159)+SUMIF('10'!$D$7:$D$159,$C57,'10'!O$7:O$159)+SUMIF('11'!$D$7:$D$159,$C57,'11'!O$7:O$159)+SUMIF('12'!$D$7:$D$159,$C57,'12'!O$7:O$159)+SUMIF('01'!$D$7:$D$159,$C57,'01'!O$7:O$159) | N58: =SUMIF('09'!$D$7:$D$159,$C57,'09'!P$7:P$159)+SUMIF('10'!$D$7:$D$159,$C57,'10'!P$7:P$159)+SUMIF('11'!$D$7:$D$159,$C57,'11'!P$7:P$159)+SUMIF('12'!$D$7:$D$159,$C57,'12'!P$7:P$159)+SUMIF('01'!$D$7:$D$159,$C57,'01'!P$7:P$159) | O58: =SUMIF('09'!$D$7:$D$159,$C57,'09'!Q$7:Q$159)+SUMIF('10'!$D$7:$D$159,$C57,'10'!Q$7:Q$159)+SUMIF('11'!$D$7:$D$159,$C57,'11'!Q$7:Q$159)+SUMIF('12'!$D$7:$D$159,$C57,'12'!Q$7:Q$159)+SUMIF('01'!$D$7:$D$159,$C57,'01'!Q$7:Q$159) | P58: =SUMIF('09'!$D$7:$D$159,$C57,'09'!R$7:R$159)+SUMIF('10'!$D$7:$D$159,$C57,'10'!R$7:R$159)+SUMIF('11'!$D$7:$D$159,$C57,'11'!R$7:R$159)+SUMIF('12'!$D$7:$D$159,$C57,'12'!R$7:R$159)+SUMIF('01'!$D$7:$D$159,$C57,'01'!R$7:R$159) | Q58: =SUMIF('09'!$D$7:$D$159,$C57,'09'!S$7:S$159)+SUMIF('10'!$D$7:$D$159,$C57,'10'!S$7:S$159)+SUMIF('11'!$D$7:$D$159,$C57,'11'!S$7:S$159)+SUMIF('12'!$D$7:$D$159,$C57,'12'!S$7:S$159)+SUMIF('01'!$D$7:$D$159,$C57,'01'!S$7:S$159) | ... W58: =SUMIF('09'!$D$7:$D$159,$C57,'09'!Y$7:Y$159)+SUMIF('10'!$D$7:$D$159,$C57,'10'!Y$7:Y$159)+SUMIF('11'!$D$7:$D$159,$C57,'11'!Y$7:Y$159)+SUMIF('12'!$D$7:$D$159,$C57,'12'!Y$7:Y$159)+SUMIF('01'!$D$7:$D$159,$C57,'01'!Y$7:Y$159) | X58: =SUM(J58:W58)
A59: =IF(OR(C59="0",COUNTIF(КлючОсень,C59)>1),0,MATCH(F59,ВидыНагр,0)) | B59: =(COUNTA(D59:F60,J59:W59,H59:I60)=0) | C59: =IF(OR(TRIM(D59)="",COUNTIF(ВидыНагр,F59)<>1),"0",CONCATENATE("$",TRIM(D59),"$",TRIM(E59),"$",F59,"$")) | G59: план | X59: =SUM(J59:W59) | Y59: =X60-X59
A60: =-A59 | B60: =B59 | G60: факт | J60: =SUMIF('09'!$D$7:$D$159,$C59,'09'!L$7:L$159)+SUMIF('10'!$D$7:$D$159,$C59,'10'!L$7:L$159)+SUMIF('11'!$D$7:$D$159,$C59,'11'!L$7:L$159)+SUMIF('12'!$D$7:$D$159,$C59,'12'!L$7:L$159)+SUMIF('01'!$D$7:$D$159,$C59,'01'!L$7:L$159) | K60: =SUMIF('09'!$D$7:$D$159,$C59,'09'!M$7:M$159)+SUMIF('10'!$D$7:$D$159,$C59,'10'!M$7:M$159)+SUMIF('11'!$D$7:$D$159,$C59,'11'!M$7:M$159)+SUMIF('12'!$D$7:$D$159,$C59,'12'!M$7:M$159)+SUMIF('01'!$D$7:$D$159,$C59,'01'!M$7:M$159) | L60: =SUMIF('09'!$D$7:$D$159,$C59,'09'!N$7:N$159)+SUMIF('10'!$D$7:$D$159,$C59,'10'!N$7:N$159)+SUMIF('11'!$D$7:$D$159,$C59,'11'!N$7:N$159)+SUMIF('12'!$D$7:$D$159,$C59,'12'!N$7:N$159)+SUMIF('01'!$D$7:$D$159,$C59,'01'!N$7:N$159) | M60: =SUMIF('09'!$D$7:$D$159,$C59,'09'!O$7:O$159)+SUMIF('10'!$D$7:$D$159,$C59,'10'!O$7:O$159)+SUMIF('11'!$D$7:$D$159,$C59,'11'!O$7:O$159)+SUMIF('12'!$D$7:$D$159,$C59,'12'!O$7:O$159)+SUMIF('01'!$D$7:$D$159,$C59,'01'!O$7:O$159) | N60: =SUMIF('09'!$D$7:$D$159,$C59,'09'!P$7:P$159)+SUMIF('10'!$D$7:$D$159,$C59,'10'!P$7:P$159)+SUMIF('11'!$D$7:$D$159,$C59,'11'!P$7:P$159)+SUMIF('12'!$D$7:$D$159,$C59,'12'!P$7:P$159)+SUMIF('01'!$D$7:$D$159,$C59,'01'!P$7:P$159) | O60: =SUMIF('09'!$D$7:$D$159,$C59,'09'!Q$7:Q$159)+SUMIF('10'!$D$7:$D$159,$C59,'10'!Q$7:Q$159)+SUMIF('11'!$D$7:$D$159,$C59,'11'!Q$7:Q$159)+SUMIF('12'!$D$7:$D$159,$C59,'12'!Q$7:Q$159)+SUMIF('01'!$D$7:$D$159,$C59,'01'!Q$7:Q$159) | P60: =SUMIF('09'!$D$7:$D$159,$C59,'09'!R$7:R$159)+SUMIF('10'!$D$7:$D$159,$C59,'10'!R$7:R$159)+SUMIF('11'!$D$7:$D$159,$C59,'11'!R$7:R$159)+SUMIF('12'!$D$7:$D$159,$C59,'12'!R$7:R$159)+SUMIF('01'!$D$7:$D$159,$C59,'01'!R$7:R$159) | Q60: =SUMIF('09'!$D$7:$D$159,$C59,'09'!S$7:S$159)+SUMIF('10'!$D$7:$D$159,$C59,'10'!S$7:S$159)+SUMIF('11'!$D$7:$D$159,$C59,'11'!S$7:S$159)+SUMIF('12'!$D$7:$D$159,$C59,'12'!S$7:S$159)+SUMIF('01'!$D$7:$D$159,$C59,'01'!S$7:S$159) | ... W60: =SUMIF('09'!$D$7:$D$159,$C59,'09'!Y$7:Y$159)+SUMIF('10'!$D$7:$D$159,$C59,'10'!Y$7:Y$159)+SUMIF('11'!$D$7:$D$159,$C59,'11'!Y$7:Y$159)+SUMIF('12'!$D$7:$D$159,$C59,'12'!Y$7:Y$159)+SUMIF('01'!$D$7:$D$159,$C59,'01'!Y$7:Y$159) | X60: =SUM(J60:W60)
A61: =IF(OR(C61="0",COUNTIF(КлючОсень,C61)>1),0,MATCH(F61,ВидыНагр,0)) | B61: =(COUNTA(D61:F62,J61:W61,H61:I62)=0) | C61: =IF(OR(TRIM(D61)="",COUNTIF(ВидыНагр,F61)<>1),"0",CONCATENATE("$",TRIM(D61),"$",TRIM(E61),"$",F61,"$")) | G61: план | X61: =SUM(J61:W61) | Y61: =X62-X61
A62: =-A61 | B62: =B61 | G62: факт | J62: =SUMIF('09'!$D$7:$D$159,$C61,'09'!L$7:L$159)+SUMIF('10'!$D$7:$D$159,$C61,'10'!L$7:L$159)+SUMIF('11'!$D$7:$D$159,$C61,'11'!L$7:L$159)+SUMIF('12'!$D$7:$D$159,$C61,'12'!L$7:L$159)+SUMIF('01'!$D$7:$D$159,$C61,'01'!L$7:L$159) | K62: =SUMIF('09'!$D$7:$D$159,$C61,'09'!M$7:M$159)+SUMIF('10'!$D$7:$D$159,$C61,'10'!M$7:M$159)+SUMIF('11'!$D$7:$D$159,$C61,'11'!M$7:M$159)+SUMIF('12'!$D$7:$D$159,$C61,'12'!M$7:M$159)+SUMIF('01'!$D$7:$D$159,$C61,'01'!M$7:M$159) | L62: =SUMIF('09'!$D$7:$D$159,$C61,'09'!N$7:N$159)+SUMIF('10'!$D$7:$D$159,$C61,'10'!N$7:N$159)+SUMIF('11'!$D$7:$D$159,$C61,'11'!N$7:N$159)+SUMIF('12'!$D$7:$D$159,$C61,'12'!N$7:N$159)+SUMIF('01'!$D$7:$D$159,$C61,'01'!N$7:N$159) | M62: =SUMIF('09'!$D$7:$D$159,$C61,'09'!O$7:O$159)+SUMIF('10'!$D$7:$D$159,$C61,'10'!O$7:O$159)+SUMIF('11'!$D$7:$D$159,$C61,'11'!O$7:O$159)+SUMIF('12'!$D$7:$D$159,$C61,'12'!O$7:O$159)+SUMIF('01'!$D$7:$D$159,$C61,'01'!O$7:O$159) | N62: =SUMIF('09'!$D$7:$D$159,$C61,'09'!P$7:P$159)+SUMIF('10'!$D$7:$D$159,$C61,'10'!P$7:P$159)+SUMIF('11'!$D$7:$D$159,$C61,'11'!P$7:P$159)+SUMIF('12'!$D$7:$D$159,$C61,'12'!P$7:P$159)+SUMIF('01'!$D$7:$D$159,$C61,'01'!P$7:P$159) | O62: =SUMIF('09'!$D$7:$D$159,$C61,'09'!Q$7:Q$159)+SUMIF('10'!$D$7:$D$159,$C61,'10'!Q$7:Q$159)+SUMIF('11'!$D$7:$D$159,$C61,'11'!Q$7:Q$159)+SUMIF('12'!$D$7:$D$159,$C61,'12'!Q$7:Q$159)+SUMIF('01'!$D$7:$D$159,$C61,'01'!Q$7:Q$159) | P62: =SUMIF('09'!$D$7:$D$159,$C61,'09'!R$7:R$159)+SUMIF('10'!$D$7:$D$159,$C61,'10'!R$7:R$159)+SUMIF('11'!$D$7:$D$159,$C61,'11'!R$7:R$159)+SUMIF('12'!$D$7:$D$159,$C61,'12'!R$7:R$159)+SUMIF('01'!$D$7:$D$159,$C61,'01'!R$7:R$159) | Q62: =SUMIF('09'!$D$7:$D$159,$C61,'09'!S$7:S$159)+SUMIF('10'!$D$7:$D$159,$C61,'10'!S$7:S$159)+SUMIF('11'!$D$7:$D$159,$C61,'11'!S$7:S$159)+SUMIF('12'!$D$7:$D$159,$C61,'12'!S$7:S$159)+SUMIF('01'!$D$7:$D$159,$C61,'01'!S$7:S$159) | ... W62: =SUMIF('09'!$D$7:$D$159,$C61,'09'!Y$7:Y$159)+SUMIF('10'!$D$7:$D$159,$C61,'10'!Y$7:Y$159)+SUMIF('11'!$D$7:$D$159,$C61,'11'!Y$7:Y$159)+SUMIF('12'!$D$7:$D$159,$C61,'12'!Y$7:Y$159)+SUMIF('01'!$D$7:$D$159,$C61,'01'!Y$7:Y$159) | X62: =SUM(J62:W62)
A63: =IF(OR(C63="0",COUNTIF(КлючОсень,C63)>1),0,MATCH(F63,ВидыНагр,0)) | B63: =(COUNTA(D63:F64,J63:W63,H63:I64)=0) | C63: =IF(OR(TRIM(D63)="",COUNTIF(ВидыНагр,F63)<>1),"0",CONCATENATE("$",TRIM(D63),"$",TRIM(E63),"$",F63,"$")) | G63: план | X63: =SUM(J63:W63) | Y63: =X64-X63
A64: =-A63 | B64: =B63 | G64: факт | J64: =SUMIF('09'!$D$7:$D$159,$C63,'09'!L$7:L$159)+SUMIF('10'!$D$7:$D$159,$C63,'10'!L$7:L$159)+SUMIF('11'!$D$7:$D$159,$C63,'11'!L$7:L$159)+SUMIF('12'!$D$7:$D$159,$C63,'12'!L$7:L$159)+SUMIF('01'!$D$7:$D$159,$C63,'01'!L$7:L$159) | K64: =SUMIF('09'!$D$7:$D$159,$C63,'09'!M$7:M$159)+SUMIF('10'!$D$7:$D$159,$C63,'10'!M$7:M$159)+SUMIF('11'!$D$7:$D$159,$C63,'11'!M$7:M$159)+SUMIF('12'!$D$7:$D$159,$C63,'12'!M$7:M$159)+SUMIF('01'!$D$7:$D$159,$C63,'01'!M$7:M$159) | L64: =SUMIF('09'!$D$7:$D$159,$C63,'09'!N$7:N$159)+SUMIF('10'!$D$7:$D$159,$C63,'10'!N$7:N$159)+SUMIF('11'!$D$7:$D$159,$C63,'11'!N$7:N$159)+SUMIF('12'!$D$7:$D$159,$C63,'12'!N$7:N$159)+SUMIF('01'!$D$7:$D$159,$C63,'01'!N$7:N$159) | M64: =SUMIF('09'!$D$7:$D$159,$C63,'09'!O$7:O$159)+SUMIF('10'!$D$7:$D$159,$C63,'10'!O$7:O$159)+SUMIF('11'!$D$7:$D$159,$C63,'11'!O$7:O$159)+SUMIF('12'!$D$7:$D$159,$C63,'12'!O$7:O$159)+SUMIF('01'!$D$7:$D$159,$C63,'01'!O$7:O$159) | N64: =SUMIF('09'!$D$7:$D$159,$C63,'09'!P$7:P$159)+SUMIF('10'!$D$7:$D$159,$C63,'10'!P$7:P$159)+SUMIF('11'!$D$7:$D$159,$C63,'11'!P$7:P$159)+SUMIF('12'!$D$7:$D$159,$C63,'12'!P$7:P$159)+SUMIF('01'!$D$7:$D$159,$C63,'01'!P$7:P$159) | O64: =SUMIF('09'!$D$7:$D$159,$C63,'09'!Q$7:Q$159)+SUMIF('10'!$D$7:$D$159,$C63,'10'!Q$7:Q$159)+SUMIF('11'!$D$7:$D$159,$C63,'11'!Q$7:Q$159)+SUMIF('12'!$D$7:$D$159,$C63,'12'!Q$7:Q$159)+SUMIF('01'!$D$7:$D$159,$C63,'01'!Q$7:Q$159) | P64: =SUMIF('09'!$D$7:$D$159,$C63,'09'!R$7:R$159)+SUMIF('10'!$D$7:$D$159,$C63,'10'!R$7:R$159)+SUMIF('11'!$D$7:$D$159,$C63,'11'!R$7:R$159)+SUMIF('12'!$D$7:$D$159,$C63,'12'!R$7:R$159)+SUMIF('01'!$D$7:$D$159,$C63,'01'!R$7:R$159) | Q64: =SUMIF('09'!$D$7:$D$159,$C63,'09'!S$7:S$159)+SUMIF('10'!$D$7:$D$159,$C63,'10'!S$7:S$159)+SUMIF('11'!$D$7:$D$159,$C63,'11'!S$7:S$159)+SUMIF('12'!$D$7:$D$159,$C63,'12'!S$7:S$159)+SUMIF('01'!$D$7:$D$159,$C63,'01'!S$7:S$159) | ... W64: =SUMIF('09'!$D$7:$D$159,$C63,'09'!Y$7:Y$159)+SUMIF('10'!$D$7:$D$159,$C63,'10'!Y$7:Y$159)+SUMIF('11'!$D$7:$D$159,$C63,'11'!Y$7:Y$159)+SUMIF('12'!$D$7:$D$159,$C63,'12'!Y$7:Y$159)+SUMIF('01'!$D$7:$D$159,$C63,'01'!Y$7:Y$159) | X64: =SUM(J64:W64)
A65: =IF(OR(C65="0",COUNTIF(КлючОсень,C65)>1),0,MATCH(F65,ВидыНагр,0)) | B65: =(COUNTA(D65:F66,J65:W65,H65:I66)=0) | C65: =IF(OR(TRIM(D65)="",COUNTIF(ВидыНагр,F65)<>1),"0",CONCATENATE("$",TRIM(D65),"$",TRIM(E65),"$",F65,"$")) | G65: план | X65: =SUM(J65:W65) | Y65: =X66-X65
A66: =-A65 | B66: =B65 | G66: факт | J66: =SUMIF('09'!$D$7:$D$159,$C65,'09'!L$7:L$159)+SUMIF('10'!$D$7:$D$159,$C65,'10'!L$7:L$159)+SUMIF('11'!$D$7:$D$159,$C65,'11'!L$7:L$159)+SUMIF('12'!$D$7:$D$159,$C65,'12'!L$7:L$159)+SUMIF('01'!$D$7:$D$159,$C65,'01'!L$7:L$159) | K66: =SUMIF('09'!$D$7:$D$159,$C65,'09'!M$7:M$159)+SUMIF('10'!$D$7:$D$159,$C65,'10'!M$7:M$159)+SUMIF('11'!$D$7:$D$159,$C65,'11'!M$7:M$159)+SUMIF('12'!$D$7:$D$159,$C65,'12'!M$7:M$159)+SUMIF('01'!$D$7:$D$159,$C65,'01'!M$7:M$159) | L66: =SUMIF('09'!$D$7:$D$159,$C65,'09'!N$7:N$159)+SUMIF('10'!$D$7:$D$159,$C65,'10'!N$7:N$159)+SUMIF('11'!$D$7:$D$159,$C65,'11'!N$7:N$159)+SUMIF('12'!$D$7:$D$159,$C65,'12'!N$7:N$159)+SUMIF('01'!$D$7:$D$159,$C65,'01'!N$7:N$159) | M66: =SUMIF('09'!$D$7:$D$159,$C65,'09'!O$7:O$159)+SUMIF('10'!$D$7:$D$159,$C65,'10'!O$7:O$159)+SUMIF('11'!$D$7:$D$159,$C65,'11'!O$7:O$159)+SUMIF('12'!$D$7:$D$159,$C65,'12'!O$7:O$159)+SUMIF('01'!$D$7:$D$159,$C65,'01'!O$7:O$159) | N66: =SUMIF('09'!$D$7:$D$159,$C65,'09'!P$7:P$159)+SUMIF('10'!$D$7:$D$159,$C65,'10'!P$7:P$159)+SUMIF('11'!$D$7:$D$159,$C65,'11'!P$7:P$159)+SUMIF('12'!$D$7:$D$159,$C65,'12'!P$7:P$159)+SUMIF('01'!$D$7:$D$159,$C65,'01'!P$7:P$159) | O66: =SUMIF('09'!$D$7:$D$159,$C65,'09'!Q$7:Q$159)+SUMIF('10'!$D$7:$D$159,$C65,'10'!Q$7:Q$159)+SUMIF('11'!$D$7:$D$159,$C65,'11'!Q$7:Q$159)+SUMIF('12'!$D$7:$D$159,$C65,'12'!Q$7:Q$159)+SUMIF('01'!$D$7:$D$159,$C65,'01'!Q$7:Q$159) | P66: =SUMIF('09'!$D$7:$D$159,$C65,'09'!R$7:R$159)+SUMIF('10'!$D$7:$D$159,$C65,'10'!R$7:R$159)+SUMIF('11'!$D$7:$D$159,$C65,'11'!R$7:R$159)+SUMIF('12'!$D$7:$D$159,$C65,'12'!R$7:R$159)+SUMIF('01'!$D$7:$D$159,$C65,'01'!R$7:R$159) | Q66: =SUMIF('09'!$D$7:$D$159,$C65,'09'!S$7:S$159)+SUMIF('10'!$D$7:$D$159,$C65,'10'!S$7:S$159)+SUMIF('11'!$D$7:$D$159,$C65,'11'!S$7:S$159)+SUMIF('12'!$D$7:$D$159,$C65,'12'!S$7:S$159)+SUMIF('01'!$D$7:$D$159,$C65,'01'!S$7:S$159) | ... W66: =SUMIF('09'!$D$7:$D$159,$C65,'09'!Y$7:Y$159)+SUMIF('10'!$D$7:$D$159,$C65,'10'!Y$7:Y$159)+SUMIF('11'!$D$7:$D$159,$C65,'11'!Y$7:Y$159)+SUMIF('12'!$D$7:$D$159,$C65,'12'!Y$7:Y$159)+SUMIF('01'!$D$7:$D$159,$C65,'01'!Y$7:Y$159) | X66: =SUM(J66:W66)
A67: =IF(OR(C67="0",COUNTIF(КлючОсень,C67)>1),0,MATCH(F67,ВидыНагр,0)) | B67: =(COUNTA(D67:F68,J67:W67,H67:I68)=0) | C67: =IF(OR(TRIM(D67)="",COUNTIF(ВидыНагр,F67)<>1),"0",CONCATENATE("$",TRIM(D67),"$",TRIM(E67),"$",F67,"$")) | G67: план | X67: =SUM(J67:W67) | Y67: =X68-X67
A68: =-A67 | B68: =B67 | G68: факт | J68: =SUMIF('09'!$D$7:$D$159,$C67,'09'!L$7:L$159)+SUMIF('10'!$D$7:$D$159,$C67,'10'!L$7:L$159)+SUMIF('11'!$D$7:$D$159,$C67,'11'!L$7:L$159)+SUMIF('12'!$D$7:$D$159,$C67,'12'!L$7:L$159)+SUMIF('01'!$D$7:$D$159,$C67,'01'!L$7:L$159) | K68: =SUMIF('09'!$D$7:$D$159,$C67,'09'!M$7:M$159)+SUMIF('10'!$D$7:$D$159,$C67,'10'!M$7:M$159)+SUMIF('11'!$D$7:$D$159,$C67,'11'!M$7:M$159)+SUMIF('12'!$D$7:$D$159,$C67,'12'!M$7:M$159)+SUMIF('01'!$D$7:$D$159,$C67,'01'!M$7:M$159) | L68: =SUMIF('09'!$D$7:$D$159,$C67,'09'!N$7:N$159)+SUMIF('10'!$D$7:$D$159,$C67,'10'!N$7:N$159)+SUMIF('11'!$D$7:$D$159,$C67,'11'!N$7:N$159)+SUMIF('12'!$D$7:$D$159,$C67,'12'!N$7:N$159)+SUMIF('01'!$D$7:$D$159,$C67,'01'!N$7:N$159) | M68: =SUMIF('09'!$D$7:$D$159,$C67,'09'!O$7:O$159)+SUMIF('10'!$D$7:$D$159,$C67,'10'!O$7:O$159)+SUMIF('11'!$D$7:$D$159,$C67,'11'!O$7:O$159)+SUMIF('12'!$D$7:$D$159,$C67,'12'!O$7:O$159)+SUMIF('01'!$D$7:$D$159,$C67,'01'!O$7:O$159) | N68: =SUMIF('09'!$D$7:$D$159,$C67,'09'!P$7:P$159)+SUMIF('10'!$D$7:$D$159,$C67,'10'!P$7:P$159)+SUMIF('11'!$D$7:$D$159,$C67,'11'!P$7:P$159)+SUMIF('12'!$D$7:$D$159,$C67,'12'!P$7:P$159)+SUMIF('01'!$D$7:$D$159,$C67,'01'!P$7:P$159) | O68: =SUMIF('09'!$D$7:$D$159,$C67,'09'!Q$7:Q$159)+SUMIF('10'!$D$7:$D$159,$C67,'10'!Q$7:Q$159)+SUMIF('11'!$D$7:$D$159,$C67,'11'!Q$7:Q$159)+SUMIF('12'!$D$7:$D$159,$C67,'12'!Q$7:Q$159)+SUMIF('01'!$D$7:$D$159,$C67,'01'!Q$7:Q$159) | P68: =SUMIF('09'!$D$7:$D$159,$C67,'09'!R$7:R$159)+SUMIF('10'!$D$7:$D$159,$C67,'10'!R$7:R$159)+SUMIF('11'!$D$7:$D$159,$C67,'11'!R$7:R$159)+SUMIF('12'!$D$7:$D$159,$C67,'12'!R$7:R$159)+SUMIF('01'!$D$7:$D$159,$C67,'01'!R$7:R$159) | Q68: =SUMIF('09'!$D$7:$D$159,$C67,'09'!S$7:S$159)+SUMIF('10'!$D$7:$D$159,$C67,'10'!S$7:S$159)+SUMIF('11'!$D$7:$D$159,$C67,'11'!S$7:S$159)+SUMIF('12'!$D$7:$D$159,$C67,'12'!S$7:S$159)+SUMIF('01'!$D$7:$D$159,$C67,'01'!S$7:S$159) | ... W68: =SUMIF('09'!$D$7:$D$159,$C67,'09'!Y$7:Y$159)+SUMIF('10'!$D$7:$D$159,$C67,'10'!Y$7:Y$159)+SUMIF('11'!$D$7:$D$159,$C67,'11'!Y$7:Y$159)+SUMIF('12'!$D$7:$D$159,$C67,'12'!Y$7:Y$159)+SUMIF('01'!$D$7:$D$159,$C67,'01'!Y$7:Y$159) | X68: =SUM(J68:W68)
A69: =IF(OR(C69="0",COUNTIF(КлючОсень,C69)>1),0,MATCH(F69,ВидыНагр,0)) | B69: =(COUNTA(D69:F70,J69:W69,H69:I70)=0) | C69: =IF(OR(TRIM(D69)="",COUNTIF(ВидыНагр,F69)<>1),"0",CONCATENATE("$",TRIM(D69),"$",TRIM(E69),"$",F69,"$")) | G69: план | X69: =SUM(J69:W69) | Y69: =X70-X69
A70: =-A69 | B70: =B69 | G70: факт | J70: =SUMIF('09'!$D$7:$D$159,$C69,'09'!L$7:L$159)+SUMIF('10'!$D$7:$D$159,$C69,'10'!L$7:L$159)+SUMIF('11'!$D$7:$D$159,$C69,'11'!L$7:L$159)+SUMIF('12'!$D$7:$D$159,$C69,'12'!L$7:L$159)+SUMIF('01'!$D$7:$D$159,$C69,'01'!L$7:L$159) | K70: =SUMIF('09'!$D$7:$D$159,$C69,'09'!M$7:M$159)+SUMIF('10'!$D$7:$D$159,$C69,'10'!M$7:M$159)+SUMIF('11'!$D$7:$D$159,$C69,'11'!M$7:M$159)+SUMIF('12'!$D$7:$D$159,$C69,'12'!M$7:M$159)+SUMIF('01'!$D$7:$D$159,$C69,'01'!M$7:M$159) | L70: =SUMIF('09'!$D$7:$D$159,$C69,'09'!N$7:N$159)+SUMIF('10'!$D$7:$D$159,$C69,'10'!N$7:N$159)+SUMIF('11'!$D$7:$D$159,$C69,'11'!N$7:N$159)+SUMIF('12'!$D$7:$D$159,$C69,'12'!N$7:N$159)+SUMIF('01'!$D$7:$D$159,$C69,'01'!N$7:N$159) | M70: =SUMIF('09'!$D$7:$D$159,$C69,'09'!O$7:O$159)+SUMIF('10'!$D$7:$D$159,$C69,'10'!O$7:O$159)+SUMIF('11'!$D$7:$D$159,$C69,'11'!O$7:O$159)+SUMIF('12'!$D$7:$D$159,$C69,'12'!O$7:O$159)+SUMIF('01'!$D$7:$D$159,$C69,'01'!O$7:O$159) | N70: =SUMIF('09'!$D$7:$D$159,$C69,'09'!P$7:P$159)+SUMIF('10'!$D$7:$D$159,$C69,'10'!P$7:P$159)+SUMIF('11'!$D$7:$D$159,$C69,'11'!P$7:P$159)+SUMIF('12'!$D$7:$D$159,$C69,'12'!P$7:P$159)+SUMIF('01'!$D$7:$D$159,$C69,'01'!P$7:P$159) | O70: =SUMIF('09'!$D$7:$D$159,$C69,'09'!Q$7:Q$159)+SUMIF('10'!$D$7:$D$159,$C69,'10'!Q$7:Q$159)+SUMIF('11'!$D$7:$D$159,$C69,'11'!Q$7:Q$159)+SUMIF('12'!$D$7:$D$159,$C69,'12'!Q$7:Q$159)+SUMIF('01'!$D$7:$D$159,$C69,'01'!Q$7:Q$159) | P70: =SUMIF('09'!$D$7:$D$159,$C69,'09'!R$7:R$159)+SUMIF('10'!$D$7:$D$159,$C69,'10'!R$7:R$159)+SUMIF('11'!$D$7:$D$159,$C69,'11'!R$7:R$159)+SUMIF('12'!$D$7:$D$159,$C69,'12'!R$7:R$159)+SUMIF('01'!$D$7:$D$159,$C69,'01'!R$7:R$159) | Q70: =SUMIF('09'!$D$7:$D$159,$C69,'09'!S$7:S$159)+SUMIF('10'!$D$7:$D$159,$C69,'10'!S$7:S$159)+SUMIF('11'!$D$7:$D$159,$C69,'11'!S$7:S$159)+SUMIF('12'!$D$7:$D$159,$C69,'12'!S$7:S$159)+SUMIF('01'!$D$7:$D$159,$C69,'01'!S$7:S$159) | ... W70: =SUMIF('09'!$D$7:$D$159,$C69,'09'!Y$7:Y$159)+SUMIF('10'!$D$7:$D$159,$C69,'10'!Y$7:Y$159)+SUMIF('11'!$D$7:$D$159,$C69,'11'!Y$7:Y$159)+SUMIF('12'!$D$7:$D$159,$C69,'12'!Y$7:Y$159)+SUMIF('01'!$D$7:$D$159,$C69,'01'!Y$7:Y$159) | X70: =SUM(J70:W70)
A71: =IF(OR(C71="0",COUNTIF(КлючОсень,C71)>1),0,MATCH(F71,ВидыНагр,0)) | B71: =(COUNTA(D71:F72,J71:W71,H71:I72)=0) | C71: =IF(OR(TRIM(D71)="",COUNTIF(ВидыНагр,F71)<>1),"0",CONCATENATE("$",TRIM(D71),"$",TRIM(E71),"$",F71,"$")) | G71: план | X71: =SUM(J71:W71) | Y71: =X72-X71
A72: =-A71 | B72: =B71 | G72: факт | J72: =SUMIF('09'!$D$7:$D$159,$C71,'09'!L$7:L$159)+SUMIF('10'!$D$7:$D$159,$C71,'10'!L$7:L$159)+SUMIF('11'!$D$7:$D$159,$C71,'11'!L$7:L$159)+SUMIF('12'!$D$7:$D$159,$C71,'12'!L$7:L$159)+SUMIF('01'!$D$7:$D$159,$C71,'01'!L$7:L$159) | K72: =SUMIF('09'!$D$7:$D$159,$C71,'09'!M$7:M$159)+SUMIF('10'!$D$7:$D$159,$C71,'10'!M$7:M$159)+SUMIF('11'!$D$7:$D$159,$C71,'11'!M$7:M$159)+SUMIF('12'!$D$7:$D$159,$C71,'12'!M$7:M$159)+SUMIF('01'!$D$7:$D$159,$C71,'01'!M$7:M$159) | L72: =SUMIF('09'!$D$7:$D$159,$C71,'09'!N$7:N$159)+SUMIF('10'!$D$7:$D$159,$C71,'10'!N$7:N$159)+SUMIF('11'!$D$7:$D$159,$C71,'11'!N$7:N$159)+SUMIF('12'!$D$7:$D$159,$C71,'12'!N$7:N$159)+SUMIF('01'!$D$7:$D$159,$C71,'01'!N$7:N$159) | M72: =SUMIF('09'!$D$7:$D$159,$C71,'09'!O$7:O$159)+SUMIF('10'!$D$7:$D$159,$C71,'10'!O$7:O$159)+SUMIF('11'!$D$7:$D$159,$C71,'11'!O$7:O$159)+SUMIF('12'!$D$7:$D$159,$C71,'12'!O$7:O$159)+SUMIF('01'!$D$7:$D$159,$C71,'01'!O$7:O$159) | N72: =SUMIF('09'!$D$7:$D$159,$C71,'09'!P$7:P$159)+SUMIF('10'!$D$7:$D$159,$C71,'10'!P$7:P$159)+SUMIF('11'!$D$7:$D$159,$C71,'11'!P$7:P$159)+SUMIF('12'!$D$7:$D$159,$C71,'12'!P$7:P$159)+SUMIF('01'!$D$7:$D$159,$C71,'01'!P$7:P$159) | O72: =SUMIF('09'!$D$7:$D$159,$C71,'09'!Q$7:Q$159)+SUMIF('10'!$D$7:$D$159,$C71,'10'!Q$7:Q$159)+SUMIF('11'!$D$7:$D$159,$C71,'11'!Q$7:Q$159)+SUMIF('12'!$D$7:$D$159,$C71,'12'!Q$7:Q$159)+SUMIF('01'!$D$7:$D$159,$C71,'01'!Q$7:Q$159) | P72: =SUMIF('09'!$D$7:$D$159,$C71,'09'!R$7:R$159)+SUMIF('10'!$D$7:$D$159,$C71,'10'!R$7:R$159)+SUMIF('11'!$D$7:$D$159,$C71,'11'!R$7:R$159)+SUMIF('12'!$D$7:$D$159,$C71,'12'!R$7:R$159)+SUMIF('01'!$D$7:$D$159,$C71,'01'!R$7:R$159) | Q72: =SUMIF('09'!$D$7:$D$159,$C71,'09'!S$7:S$159)+SUMIF('10'!$D$7:$D$159,$C71,'10'!S$7:S$159)+SUMIF('11'!$D$7:$D$159,$C71,'11'!S$7:S$159)+SUMIF('12'!$D$7:$D$159,$C71,'12'!S$7:S$159)+SUMIF('01'!$D$7:$D$159,$C71,'01'!S$7:S$159) | ... W72: =SUMIF('09'!$D$7:$D$159,$C71,'09'!Y$7:Y$159)+SUMIF('10'!$D$7:$D$159,$C71,'10'!Y$7:Y$159)+SUMIF('11'!$D$7:$D$159,$C71,'11'!Y$7:Y$159)+SUMIF('12'!$D$7:$D$159,$C71,'12'!Y$7:Y$159)+SUMIF('01'!$D$7:$D$159,$C71,'01'!Y$7:Y$159) | X72: =SUM(J72:W72)
A73: =IF(OR(C73="0",COUNTIF(КлючОсень,C73)>1),0,MATCH(F73,ВидыНагр,0)) | B73: =(COUNTA(D73:F74,J73:W73,H73:I74)=0) | C73: =IF(OR(TRIM(D73)="",COUNTIF(ВидыНагр,F73)<>1),"0",CONCATENATE("$",TRIM(D73),"$",TRIM(E73),"$",F73,"$")) | G73: план | X73: =SUM(J73:W73) | Y73: =X74-X73
A74: =-A73 | B74: =B73 | G74: факт | J74: =SUMIF('09'!$D$7:$D$159,$C73,'09'!L$7:L$159)+SUMIF('10'!$D$7:$D$159,$C73,'10'!L$7:L$159)+SUMIF('11'!$D$7:$D$159,$C73,'11'!L$7:L$159)+SUMIF('12'!$D$7:$D$159,$C73,'12'!L$7:L$159)+SUMIF('01'!$D$7:$D$159,$C73,'01'!L$7:L$159) | K74: =SUMIF('09'!$D$7:$D$159,$C73,'09'!M$7:M$159)+SUMIF('10'!$D$7:$D$159,$C73,'10'!M$7:M$159)+SUMIF('11'!$D$7:$D$159,$C73,'11'!M$7:M$159)+SUMIF('12'!$D$7:$D$159,$C73,'12'!M$7:M$159)+SUMIF('01'!$D$7:$D$159,$C73,'01'!M$7:M$159) | L74: =SUMIF('09'!$D$7:$D$159,$C73,'09'!N$7:N$159)+SUMIF('10'!$D$7:$D$159,$C73,'10'!N$7:N$159)+SUMIF('11'!$D$7:$D$159,$C73,'11'!N$7:N$159)+SUMIF('12'!$D$7:$D$159,$C73,'12'!N$7:N$159)+SUMIF('01'!$D$7:$D$159,$C73,'01'!N$7:N$159) | M74: =SUMIF('09'!$D$7:$D$159,$C73,'09'!O$7:O$159)+SUMIF('10'!$D$7:$D$159,$C73,'10'!O$7:O$159)+SUMIF('11'!$D$7:$D$159,$C73,'11'!O$7:O$159)+SUMIF('12'!$D$7:$D$159,$C73,'12'!O$7:O$159)+SUMIF('01'!$D$7:$D$159,$C73,'01'!O$7:O$159) | N74: =SUMIF('09'!$D$7:$D$159,$C73,'09'!P$7:P$159)+SUMIF('10'!$D$7:$D$159,$C73,'10'!P$7:P$159)+SUMIF('11'!$D$7:$D$159,$C73,'11'!P$7:P$159)+SUMIF('12'!$D$7:$D$159,$C73,'12'!P$7:P$159)+SUMIF('01'!$D$7:$D$159,$C73,'01'!P$7:P$159) | O74: =SUMIF('09'!$D$7:$D$159,$C73,'09'!Q$7:Q$159)+SUMIF('10'!$D$7:$D$159,$C73,'10'!Q$7:Q$159)+SUMIF('11'!$D$7:$D$159,$C73,'11'!Q$7:Q$159)+SUMIF('12'!$D$7:$D$159,$C73,'12'!Q$7:Q$159)+SUMIF('01'!$D$7:$D$159,$C73,'01'!Q$7:Q$159) | P74: =SUMIF('09'!$D$7:$D$159,$C73,'09'!R$7:R$159)+SUMIF('10'!$D$7:$D$159,$C73,'10'!R$7:R$159)+SUMIF('11'!$D$7:$D$159,$C73,'11'!R$7:R$159)+SUMIF('12'!$D$7:$D$159,$C73,'12'!R$7:R$159)+SUMIF('01'!$D$7:$D$159,$C73,'01'!R$7:R$159) | Q74: =SUMIF('09'!$D$7:$D$159,$C73,'09'!S$7:S$159)+SUMIF('10'!$D$7:$D$159,$C73,'10'!S$7:S$159)+SUMIF('11'!$D$7:$D$159,$C73,'11'!S$7:S$159)+SUMIF('12'!$D$7:$D$159,$C73,'12'!S$7:S$159)+SUMIF('01'!$D$7:$D$159,$C73,'01'!S$7:S$159) | ... W74: =SUMIF('09'!$D$7:$D$159,$C73,'09'!Y$7:Y$159)+SUMIF('10'!$D$7:$D$159,$C73,'10'!Y$7:Y$159)+SUMIF('11'!$D$7:$D$159,$C73,'11'!Y$7:Y$159)+SUMIF('12'!$D$7:$D$159,$C73,'12'!Y$7:Y$159)+SUMIF('01'!$D$7:$D$159,$C73,'01'!Y$7:Y$159) | X74: =SUM(J74:W74)
A75: =IF(OR(C75="0",COUNTIF(КлючОсень,C75)>1),0,MATCH(F75,ВидыНагр,0)) | B75: =(COUNTA(D75:F76,J75:W75,H75:I76)=0) | C75: =IF(OR(TRIM(D75)="",COUNTIF(ВидыНагр,F75)<>1),"0",CONCATENATE("$",TRIM(D75),"$",TRIM(E75),"$",F75,"$")) | G75: план | X75: =SUM(J75:W75) | Y75: =X76-X75
A76: =-A75 | B76: =B75 | G76: факт | J76: =SUMIF('09'!$D$7:$D$159,$C75,'09'!L$7:L$159)+SUMIF('10'!$D$7:$D$159,$C75,'10'!L$7:L$159)+SUMIF('11'!$D$7:$D$159,$C75,'11'!L$7:L$159)+SUMIF('12'!$D$7:$D$159,$C75,'12'!L$7:L$159)+SUMIF('01'!$D$7:$D$159,$C75,'01'!L$7:L$159) | K76: =SUMIF('09'!$D$7:$D$159,$C75,'09'!M$7:M$159)+SUMIF('10'!$D$7:$D$159,$C75,'10'!M$7:M$159)+SUMIF('11'!$D$7:$D$159,$C75,'11'!M$7:M$159)+SUMIF('12'!$D$7:$D$159,$C75,'12'!M$7:M$159)+SUMIF('01'!$D$7:$D$159,$C75,'01'!M$7:M$159) | L76: =SUMIF('09'!$D$7:$D$159,$C75,'09'!N$7:N$159)+SUMIF('10'!$D$7:$D$159,$C75,'10'!N$7:N$159)+SUMIF('11'!$D$7:$D$159,$C75,'11'!N$7:N$159)+SUMIF('12'!$D$7:$D$159,$C75,'12'!N$7:N$159)+SUMIF('01'!$D$7:$D$159,$C75,'01'!N$7:N$159) | M76: =SUMIF('09'!$D$7:$D$159,$C75,'09'!O$7:O$159)+SUMIF('10'!$D$7:$D$159,$C75,'10'!O$7:O$159)+SUMIF('11'!$D$7:$D$159,$C75,'11'!O$7:O$159)+SUMIF('12'!$D$7:$D$159,$C75,'12'!O$7:O$159)+SUMIF('01'!$D$7:$D$159,$C75,'01'!O$7:O$159) | N76: =SUMIF('09'!$D$7:$D$159,$C75,'09'!P$7:P$159)+SUMIF('10'!$D$7:$D$159,$C75,'10'!P$7:P$159)+SUMIF('11'!$D$7:$D$159,$C75,'11'!P$7:P$159)+SUMIF('12'!$D$7:$D$159,$C75,'12'!P$7:P$159)+SUMIF('01'!$D$7:$D$159,$C75,'01'!P$7:P$159) | O76: =SUMIF('09'!$D$7:$D$159,$C75,'09'!Q$7:Q$159)+SUMIF('10'!$D$7:$D$159,$C75,'10'!Q$7:Q$159)+SUMIF('11'!$D$7:$D$159,$C75,'11'!Q$7:Q$159)+SUMIF('12'!$D$7:$D$159,$C75,'12'!Q$7:Q$159)+SUMIF('01'!$D$7:$D$159,$C75,'01'!Q$7:Q$159) | P76: =SUMIF('09'!$D$7:$D$159,$C75,'09'!R$7:R$159)+SUMIF('10'!$D$7:$D$159,$C75,'10'!R$7:R$159)+SUMIF('11'!$D$7:$D$159,$C75,'11'!R$7:R$159)+SUMIF('12'!$D$7:$D$159,$C75,'12'!R$7:R$159)+SUMIF('01'!$D$7:$D$159,$C75,'01'!R$7:R$159) | Q76: =SUMIF('09'!$D$7:$D$159,$C75,'09'!S$7:S$159)+SUMIF('10'!$D$7:$D$159,$C75,'10'!S$7:S$159)+SUMIF('11'!$D$7:$D$159,$C75,'11'!S$7:S$159)+SUMIF('12'!$D$7:$D$159,$C75,'12'!S$7:S$159)+SUMIF('01'!$D$7:$D$159,$C75,'01'!S$7:S$159) | ... W76: =SUMIF('09'!$D$7:$D$159,$C75,'09'!Y$7:Y$159)+SUMIF('10'!$D$7:$D$159,$C75,'10'!Y$7:Y$159)+SUMIF('11'!$D$7:$D$159,$C75,'11'!Y$7:Y$159)+SUMIF('12'!$D$7:$D$159,$C75,'12'!Y$7:Y$159)+SUMIF('01'!$D$7:$D$159,$C75,'01'!Y$7:Y$159) | X76: =SUM(J76:W76)
A77: =IF(OR(C77="0",COUNTIF(КлючОсень,C77)>1),0,MATCH(F77,ВидыНагр,0)) | B77: =(COUNTA(D77:F78,J77:W77,H77:I78)=0) | C77: =IF(OR(TRIM(D77)="",COUNTIF(ВидыНагр,F77)<>1),"0",CONCATENATE("$",TRIM(D77),"$",TRIM(E77),"$",F77,"$")) | G77: план | X77: =SUM(J77:W77) | Y77: =X78-X77
A78: =-A77 | B78: =B77 | G78: факт | J78: =SUMIF('09'!$D$7:$D$159,$C77,'09'!L$7:L$159)+SUMIF('10'!$D$7:$D$159,$C77,'10'!L$7:L$159)+SUMIF('11'!$D$7:$D$159,$C77,'11'!L$7:L$159)+SUMIF('12'!$D$7:$D$159,$C77,'12'!L$7:L$159)+SUMIF('01'!$D$7:$D$159,$C77,'01'!L$7:L$159) | K78: =SUMIF('09'!$D$7:$D$159,$C77,'09'!M$7:M$159)+SUMIF('10'!$D$7:$D$159,$C77,'10'!M$7:M$159)+SUMIF('11'!$D$7:$D$159,$C77,'11'!M$7:M$159)+SUMIF('12'!$D$7:$D$159,$C77,'12'!M$7:M$159)+SUMIF('01'!$D$7:$D$159,$C77,'01'!M$7:M$159) | L78: =SUMIF('09'!$D$7:$D$159,$C77,'09'!N$7:N$159)+SUMIF('10'!$D$7:$D$159,$C77,'10'!N$7:N$159)+SUMIF('11'!$D$7:$D$159,$C77,'11'!N$7:N$159)+SUMIF('12'!$D$7:$D$159,$C77,'12'!N$7:N$159)+SUMIF('01'!$D$7:$D$159,$C77,'01'!N$7:N$159) | M78: =SUMIF('09'!$D$7:$D$159,$C77,'09'!O$7:O$159)+SUMIF('10'!$D$7:$D$159,$C77,'10'!O$7:O$159)+SUMIF('11'!$D$7:$D$159,$C77,'11'!O$7:O$159)+SUMIF('12'!$D$7:$D$159,$C77,'12'!O$7:O$159)+SUMIF('01'!$D$7:$D$159,$C77,'01'!O$7:O$159) | N78: =SUMIF('09'!$D$7:$D$159,$C77,'09'!P$7:P$159)+SUMIF('10'!$D$7:$D$159,$C77,'10'!P$7:P$159)+SUMIF('11'!$D$7:$D$159,$C77,'11'!P$7:P$159)+SUMIF('12'!$D$7:$D$159,$C77,'12'!P$7:P$159)+SUMIF('01'!$D$7:$D$159,$C77,'01'!P$7:P$159) | O78: =SUMIF('09'!$D$7:$D$159,$C77,'09'!Q$7:Q$159)+SUMIF('10'!$D$7:$D$159,$C77,'10'!Q$7:Q$159)+SUMIF('11'!$D$7:$D$159,$C77,'11'!Q$7:Q$159)+SUMIF('12'!$D$7:$D$159,$C77,'12'!Q$7:Q$159)+SUMIF('01'!$D$7:$D$159,$C77,'01'!Q$7:Q$159) | P78: =SUMIF('09'!$D$7:$D$159,$C77,'09'!R$7:R$159)+SUMIF('10'!$D$7:$D$159,$C77,'10'!R$7:R$159)+SUMIF('11'!$D$7:$D$159,$C77,'11'!R$7:R$159)+SUMIF('12'!$D$7:$D$159,$C77,'12'!R$7:R$159)+SUMIF('01'!$D$7:$D$159,$C77,'01'!R$7:R$159) | Q78: =SUMIF('09'!$D$7:$D$159,$C77,'09'!S$7:S$159)+SUMIF('10'!$D$7:$D$159,$C77,'10'!S$7:S$159)+SUMIF('11'!$D$7:$D$159,$C77,'11'!S$7:S$159)+SUMIF('12'!$D$7:$D$159,$C77,'12'!S$7:S$159)+SUMIF('01'!$D$7:$D$159,$C77,'01'!S$7:S$159) | ... W78: =SUMIF('09'!$D$7:$D$159,$C77,'09'!Y$7:Y$159)+SUMIF('10'!$D$7:$D$159,$C77,'10'!Y$7:Y$159)+SUMIF('11'!$D$7:$D$159,$C77,'11'!Y$7:Y$159)+SUMIF('12'!$D$7:$D$159,$C77,'12'!Y$7:Y$159)+SUMIF('01'!$D$7:$D$159,$C77,'01'!Y$7:Y$159) | X78: =SUM(J78:W78)
A79: =IF(OR(C79="0",COUNTIF(КлючОсень,C79)>1),0,MATCH(F79,ВидыНагр,0)) | B79: =(COUNTA(D79:F80,J79:W79,H79:I80)=0) | C79: =IF(OR(TRIM(D79)="",COUNTIF(ВидыНагр,F79)<>1),"0",CONCATENATE("$",TRIM(D79),"$",TRIM(E79),"$",F79,"$")) | G79: план | X79: =SUM(J79:W79) | Y79: =X80-X79
A80: =-A79 | B80: =B79 | G80: факт | J80: =SUMIF('09'!$D$7:$D$159,$C79,'09'!L$7:L$159)+SUMIF('10'!$D$7:$D$159,$C79,'10'!L$7:L$159)+SUMIF('11'!$D$7:$D$159,$C79,'11'!L$7:L$159)+SUMIF('12'!$D$7:$D$159,$C79,'12'!L$7:L$159)+SUMIF('01'!$D$7:$D$159,$C79,'01'!L$7:L$159) | K80: =SUMIF('09'!$D$7:$D$159,$C79,'09'!M$7:M$159)+SUMIF('10'!$D$7:$D$159,$C79,'10'!M$7:M$159)+SUMIF('11'!$D$7:$D$159,$C79,'11'!M$7:M$159)+SUMIF('12'!$D$7:$D$159,$C79,'12'!M$7:M$159)+SUMIF('01'!$D$7:$D$159,$C79,'01'!M$7:M$159) | L80: =SUMIF('09'!$D$7:$D$159,$C79,'09'!N$7:N$159)+SUMIF('10'!$D$7:$D$159,$C79,'10'!N$7:N$159)+SUMIF('11'!$D$7:$D$159,$C79,'11'!N$7:N$159)+SUMIF('12'!$D$7:$D$159,$C79,'12'!N$7:N$159)+SUMIF('01'!$D$7:$D$159,$C79,'01'!N$7:N$159) | M80: =SUMIF('09'!$D$7:$D$159,$C79,'09'!O$7:O$159)+SUMIF('10'!$D$7:$D$159,$C79,'10'!O$7:O$159)+SUMIF('11'!$D$7:$D$159,$C79,'11'!O$7:O$159)+SUMIF('12'!$D$7:$D$159,$C79,'12'!O$7:O$159)+SUMIF('01'!$D$7:$D$159,$C79,'01'!O$7:O$159) | N80: =SUMIF('09'!$D$7:$D$159,$C79,'09'!P$7:P$159)+SUMIF('10'!$D$7:$D$159,$C79,'10'!P$7:P$159)+SUMIF('11'!$D$7:$D$159,$C79,'11'!P$7:P$159)+SUMIF('12'!$D$7:$D$159,$C79,'12'!P$7:P$159)+SUMIF('01'!$D$7:$D$159,$C79,'01'!P$7:P$159) | O80: =SUMIF('09'!$D$7:$D$159,$C79,'09'!Q$7:Q$159)+SUMIF('10'!$D$7:$D$159,$C79,'10'!Q$7:Q$159)+SUMIF('11'!$D$7:$D$159,$C79,'11'!Q$7:Q$159)+SUMIF('12'!$D$7:$D$159,$C79,'12'!Q$7:Q$159)+SUMIF('01'!$D$7:$D$159,$C79,'01'!Q$7:Q$159) | P80: =SUMIF('09'!$D$7:$D$159,$C79,'09'!R$7:R$159)+SUMIF('10'!$D$7:$D$159,$C79,'10'!R$7:R$159)+SUMIF('11'!$D$7:$D$159,$C79,'11'!R$7:R$159)+SUMIF('12'!$D$7:$D$159,$C79,'12'!R$7:R$159)+SUMIF('01'!$D$7:$D$159,$C79,'01'!R$7:R$159) | Q80: =SUMIF('09'!$D$7:$D$159,$C79,'09'!S$7:S$159)+SUMIF('10'!$D$7:$D$159,$C79,'10'!S$7:S$159)+SUMIF('11'!$D$7:$D$159,$C79,'11'!S$7:S$159)+SUMIF('12'!$D$7:$D$159,$C79,'12'!S$7:S$159)+SUMIF('01'!$D$7:$D$159,$C79,'01'!S$7:S$159) | ... W80: =SUMIF('09'!$D$7:$D$159,$C79,'09'!Y$7:Y$159)+SUMIF('10'!$D$7:$D$159,$C79,'10'!Y$7:Y$159)+SUMIF('11'!$D$7:$D$159,$C79,'11'!Y$7:Y$159)+SUMIF('12'!$D$7:$D$159,$C79,'12'!Y$7:Y$159)+SUMIF('01'!$D$7:$D$159,$C79,'01'!Y$7:Y$159) | X80: =SUM(J80:W80)
A81: =IF(OR(C81="0",COUNTIF(КлючОсень,C81)>1),0,MATCH(F81,ВидыНагр,0)) | B81: =(COUNTA(D81:F82,J81:W81,H81:I82)=0) | C81: =IF(OR(TRIM(D81)="",COUNTIF(ВидыНагр,F81)<>1),"0",CONCATENATE("$",TRIM(D81),"$",TRIM(E81),"$",F81,"$")) | G81: план | X81: =SUM(J81:W81) | Y81: =X82-X81
A82: =-A81 | B82: =B81 | G82: факт | J82: =SUMIF('09'!$D$7:$D$159,$C81,'09'!L$7:L$159)+SUMIF('10'!$D$7:$D$159,$C81,'10'!L$7:L$159)+SUMIF('11'!$D$7:$D$159,$C81,'11'!L$7:L$159)+SUMIF('12'!$D$7:$D$159,$C81,'12'!L$7:L$159)+SUMIF('01'!$D$7:$D$159,$C81,'01'!L$7:L$159) | K82: =SUMIF('09'!$D$7:$D$159,$C81,'09'!M$7:M$159)+SUMIF('10'!$D$7:$D$159,$C81,'10'!M$7:M$159)+SUMIF('11'!$D$7:$D$159,$C81,'11'!M$7:M$159)+SUMIF('12'!$D$7:$D$159,$C81,'12'!M$7:M$159)+SUMIF('01'!$D$7:$D$159,$C81,'01'!M$7:M$159) | L82: =SUMIF('09'!$D$7:$D$159,$C81,'09'!N$7:N$159)+SUMIF('10'!$D$7:$D$159,$C81,'10'!N$7:N$159)+SUMIF('11'!$D$7:$D$159,$C81,'11'!N$7:N$159)+SUMIF('12'!$D$7:$D$159,$C81,'12'!N$7:N$159)+SUMIF('01'!$D$7:$D$159,$C81,'01'!N$7:N$159) | M82: =SUMIF('09'!$D$7:$D$159,$C81,'09'!O$7:O$159)+SUMIF('10'!$D$7:$D$159,$C81,'10'!O$7:O$159)+SUMIF('11'!$D$7:$D$159,$C81,'11'!O$7:O$159)+SUMIF('12'!$D$7:$D$159,$C81,'12'!O$7:O$159)+SUMIF('01'!$D$7:$D$159,$C81,'01'!O$7:O$159) | N82: =SUMIF('09'!$D$7:$D$159,$C81,'09'!P$7:P$159)+SUMIF('10'!$D$7:$D$159,$C81,'10'!P$7:P$159)+SUMIF('11'!$D$7:$D$159,$C81,'11'!P$7:P$159)+SUMIF('12'!$D$7:$D$159,$C81,'12'!P$7:P$159)+SUMIF('01'!$D$7:$D$159,$C81,'01'!P$7:P$159) | O82: =SUMIF('09'!$D$7:$D$159,$C81,'09'!Q$7:Q$159)+SUMIF('10'!$D$7:$D$159,$C81,'10'!Q$7:Q$159)+SUMIF('11'!$D$7:$D$159,$C81,'11'!Q$7:Q$159)+SUMIF('12'!$D$7:$D$159,$C81,'12'!Q$7:Q$159)+SUMIF('01'!$D$7:$D$159,$C81,'01'!Q$7:Q$159) | P82: =SUMIF('09'!$D$7:$D$159,$C81,'09'!R$7:R$159)+SUMIF('10'!$D$7:$D$159,$C81,'10'!R$7:R$159)+SUMIF('11'!$D$7:$D$159,$C81,'11'!R$7:R$159)+SUMIF('12'!$D$7:$D$159,$C81,'12'!R$7:R$159)+SUMIF('01'!$D$7:$D$159,$C81,'01'!R$7:R$159) | Q82: =SUMIF('09'!$D$7:$D$159,$C81,'09'!S$7:S$159)+SUMIF('10'!$D$7:$D$159,$C81,'10'!S$7:S$159)+SUMIF('11'!$D$7:$D$159,$C81,'11'!S$7:S$159)+SUMIF('12'!$D$7:$D$159,$C81,'12'!S$7:S$159)+SUMIF('01'!$D$7:$D$159,$C81,'01'!S$7:S$159) | ... W82: =SUMIF('09'!$D$7:$D$159,$C81,'09'!Y$7:Y$159)+SUMIF('10'!$D$7:$D$159,$C81,'10'!Y$7:Y$159)+SUMIF('11'!$D$7:$D$159,$C81,'11'!Y$7:Y$159)+SUMIF('12'!$D$7:$D$159,$C81,'12'!Y$7:Y$159)+SUMIF('01'!$D$7:$D$159,$C81,'01'!Y$7:Y$159) | X82: =SUM(J82:W82)
A83: =IF(OR(C83="0",COUNTIF(КлючОсень,C83)>1),0,MATCH(F83,ВидыНагр,0)) | B83: =(COUNTA(D83:F84,J83:W83,H83:I84)=0) | C83: =IF(OR(TRIM(D83)="",COUNTIF(ВидыНагр,F83)<>1),"0",CONCATENATE("$",TRIM(D83),"$",TRIM(E83),"$",F83,"$")) | G83: план | X83: =SUM(J83:W83) | Y83: =X84-X83
A84: =-A83 | B84: =B83 | G84: факт | J84: =SUMIF('09'!$D$7:$D$159,$C83,'09'!L$7:L$159)+SUMIF('10'!$D$7:$D$159,$C83,'10'!L$7:L$159)+SUMIF('11'!$D$7:$D$159,$C83,'11'!L$7:L$159)+SUMIF('12'!$D$7:$D$159,$C83,'12'!L$7:L$159)+SUMIF('01'!$D$7:$D$159,$C83,'01'!L$7:L$159) | K84: =SUMIF('09'!$D$7:$D$159,$C83,'09'!M$7:M$159)+SUMIF('10'!$D$7:$D$159,$C83,'10'!M$7:M$159)+SUMIF('11'!$D$7:$D$159,$C83,'11'!M$7:M$159)+SUMIF('12'!$D$7:$D$159,$C83,'12'!M$7:M$159)+SUMIF('01'!$D$7:$D$159,$C83,'01'!M$7:M$159) | L84: =SUMIF('09'!$D$7:$D$159,$C83,'09'!N$7:N$159)+SUMIF('10'!$D$7:$D$159,$C83,'10'!N$7:N$159)+SUMIF('11'!$D$7:$D$159,$C83,'11'!N$7:N$159)+SUMIF('12'!$D$7:$D$159,$C83,'12'!N$7:N$159)+SUMIF('01'!$D$7:$D$159,$C83,'01'!N$7:N$159) | M84: =SUMIF('09'!$D$7:$D$159,$C83,'09'!O$7:O$159)+SUMIF('10'!$D$7:$D$159,$C83,'10'!O$7:O$159)+SUMIF('11'!$D$7:$D$159,$C83,'11'!O$7:O$159)+SUMIF('12'!$D$7:$D$159,$C83,'12'!O$7:O$159)+SUMIF('01'!$D$7:$D$159,$C83,'01'!O$7:O$159) | N84: =SUMIF('09'!$D$7:$D$159,$C83,'09'!P$7:P$159)+SUMIF('10'!$D$7:$D$159,$C83,'10'!P$7:P$159)+SUMIF('11'!$D$7:$D$159,$C83,'11'!P$7:P$159)+SUMIF('12'!$D$7:$D$159,$C83,'12'!P$7:P$159)+SUMIF('01'!$D$7:$D$159,$C83,'01'!P$7:P$159) | O84: =SUMIF('09'!$D$7:$D$159,$C83,'09'!Q$7:Q$159)+SUMIF('10'!$D$7:$D$159,$C83,'10'!Q$7:Q$159)+SUMIF('11'!$D$7:$D$159,$C83,'11'!Q$7:Q$159)+SUMIF('12'!$D$7:$D$159,$C83,'12'!Q$7:Q$159)+SUMIF('01'!$D$7:$D$159,$C83,'01'!Q$7:Q$159) | P84: =SUMIF('09'!$D$7:$D$159,$C83,'09'!R$7:R$159)+SUMIF('10'!$D$7:$D$159,$C83,'10'!R$7:R$159)+SUMIF('11'!$D$7:$D$159,$C83,'11'!R$7:R$159)+SUMIF('12'!$D$7:$D$159,$C83,'12'!R$7:R$159)+SUMIF('01'!$D$7:$D$159,$C83,'01'!R$7:R$159) | Q84: =SUMIF('09'!$D$7:$D$159,$C83,'09'!S$7:S$159)+SUMIF('10'!$D$7:$D$159,$C83,'10'!S$7:S$159)+SUMIF('11'!$D$7:$D$159,$C83,'11'!S$7:S$159)+SUMIF('12'!$D$7:$D$159,$C83,'12'!S$7:S$159)+SUMIF('01'!$D$7:$D$159,$C83,'01'!S$7:S$159) | ... W84: =SUMIF('09'!$D$7:$D$159,$C83,'09'!Y$7:Y$159)+SUMIF('10'!$D$7:$D$159,$C83,'10'!Y$7:Y$159)+SUMIF('11'!$D$7:$D$159,$C83,'11'!Y$7:Y$159)+SUMIF('12'!$D$7:$D$159,$C83,'12'!Y$7:Y$159)+SUMIF('01'!$D$7:$D$159,$C83,'01'!Y$7:Y$159) | X84: =SUM(J84:W84)
A85: =IF(OR(C85="0",COUNTIF(КлючОсень,C85)>1),0,MATCH(F85,ВидыНагр,0)) | B85: =(COUNTA(D85:F86,J85:W85,H85:I86)=0) | C85: =IF(OR(TRIM(D85)="",COUNTIF(ВидыНагр,F85)<>1),"0",CONCATENATE("$",TRIM(D85),"$",TRIM(E85),"$",F85,"$")) | G85: план | X85: =SUM(J85:W85) | Y85: =X86-X85
A86: =-A85 | B86: =B85 | G86: факт | J86: =SUMIF('09'!$D$7:$D$159,$C85,'09'!L$7:L$159)+SUMIF('10'!$D$7:$D$159,$C85,'10'!L$7:L$159)+SUMIF('11'!$D$7:$D$159,$C85,'11'!L$7:L$159)+SUMIF('12'!$D$7:$D$159,$C85,'12'!L$7:L$159)+SUMIF('01'!$D$7:$D$159,$C85,'01'!L$7:L$159) | K86: =SUMIF('09'!$D$7:$D$159,$C85,'09'!M$7:M$159)+SUMIF('10'!$D$7:$D$159,$C85,'10'!M$7:M$159)+SUMIF('11'!$D$7:$D$159,$C85,'11'!M$7:M$159)+SUMIF('12'!$D$7:$D$159,$C85,'12'!M$7:M$159)+SUMIF('01'!$D$7:$D$159,$C85,'01'!M$7:M$159) | L86: =SUMIF('09'!$D$7:$D$159,$C85,'09'!N$7:N$159)+SUMIF('10'!$D$7:$D$159,$C85,'10'!N$7:N$159)+SUMIF('11'!$D$7:$D$159,$C85,'11'!N$7:N$159)+SUMIF('12'!$D$7:$D$159,$C85,'12'!N$7:N$159)+SUMIF('01'!$D$7:$D$159,$C85,'01'!N$7:N$159) | M86: =SUMIF('09'!$D$7:$D$159,$C85,'09'!O$7:O$159)+SUMIF('10'!$D$7:$D$159,$C85,'10'!O$7:O$159)+SUMIF('11'!$D$7:$D$159,$C85,'11'!O$7:O$159)+SUMIF('12'!$D$7:$D$159,$C85,'12'!O$7:O$159)+SUMIF('01'!$D$7:$D$159,$C85,'01'!O$7:O$159) | N86: =SUMIF('09'!$D$7:$D$159,$C85,'09'!P$7:P$159)+SUMIF('10'!$D$7:$D$159,$C85,'10'!P$7:P$159)+SUMIF('11'!$D$7:$D$159,$C85,'11'!P$7:P$159)+SUMIF('12'!$D$7:$D$159,$C85,'12'!P$7:P$159)+SUMIF('01'!$D$7:$D$159,$C85,'01'!P$7:P$159) | O86: =SUMIF('09'!$D$7:$D$159,$C85,'09'!Q$7:Q$159)+SUMIF('10'!$D$7:$D$159,$C85,'10'!Q$7:Q$159)+SUMIF('11'!$D$7:$D$159,$C85,'11'!Q$7:Q$159)+SUMIF('12'!$D$7:$D$159,$C85,'12'!Q$7:Q$159)+SUMIF('01'!$D$7:$D$159,$C85,'01'!Q$7:Q$159) | P86: =SUMIF('09'!$D$7:$D$159,$C85,'09'!R$7:R$159)+SUMIF('10'!$D$7:$D$159,$C85,'10'!R$7:R$159)+SUMIF('11'!$D$7:$D$159,$C85,'11'!R$7:R$159)+SUMIF('12'!$D$7:$D$159,$C85,'12'!R$7:R$159)+SUMIF('01'!$D$7:$D$159,$C85,'01'!R$7:R$159) | Q86: =SUMIF('09'!$D$7:$D$159,$C85,'09'!S$7:S$159)+SUMIF('10'!$D$7:$D$159,$C85,'10'!S$7:S$159)+SUMIF('11'!$D$7:$D$159,$C85,'11'!S$7:S$159)+SUMIF('12'!$D$7:$D$159,$C85,'12'!S$7:S$159)+SUMIF('01'!$D$7:$D$159,$C85,'01'!S$7:S$159) | ... W86: =SUMIF('09'!$D$7:$D$159,$C85,'09'!Y$7:Y$159)+SUMIF('10'!$D$7:$D$159,$C85,'10'!Y$7:Y$159)+SUMIF('11'!$D$7:$D$159,$C85,'11'!Y$7:Y$159)+SUMIF('12'!$D$7:$D$159,$C85,'12'!Y$7:Y$159)+SUMIF('01'!$D$7:$D$159,$C85,'01'!Y$7:Y$159) | X86: =SUM(J86:W86)
A87: =IF(OR(C87="0",COUNTIF(КлючОсень,C87)>1),0,MATCH(F87,ВидыНагр,0)) | B87: =(COUNTA(D87:F88,J87:W87,H87:I88)=0) | C87: =IF(OR(TRIM(D87)="",COUNTIF(ВидыНагр,F87)<>1),"0",CONCATENATE("$",TRIM(D87),"$",TRIM(E87),"$",F87,"$")) | G87: план | X87: =SUM(J87:W87) | Y87: =X88-X87
A88: =-A87 | B88: =B87 | G88: факт | J88: =SUMIF('09'!$D$7:$D$159,$C87,'09'!L$7:L$159)+SUMIF('10'!$D$7:$D$159,$C87,'10'!L$7:L$159)+SUMIF('11'!$D$7:$D$159,$C87,'11'!L$7:L$159)+SUMIF('12'!$D$7:$D$159,$C87,'12'!L$7:L$159)+SUMIF('01'!$D$7:$D$159,$C87,'01'!L$7:L$159) | K88: =SUMIF('09'!$D$7:$D$159,$C87,'09'!M$7:M$159)+SUMIF('10'!$D$7:$D$159,$C87,'10'!M$7:M$159)+SUMIF('11'!$D$7:$D$159,$C87,'11'!M$7:M$159)+SUMIF('12'!$D$7:$D$159,$C87,'12'!M$7:M$159)+SUMIF('01'!$D$7:$D$159,$C87,'01'!M$7:M$159) | L88: =SUMIF('09'!$D$7:$D$159,$C87,'09'!N$7:N$159)+SUMIF('10'!$D$7:$D$159,$C87,'10'!N$7:N$159)+SUMIF('11'!$D$7:$D$159,$C87,'11'!N$7:N$159)+SUMIF('12'!$D$7:$D$159,$C87,'12'!N$7:N$159)+SUMIF('01'!$D$7:$D$159,$C87,'01'!N$7:N$159) | M88: =SUMIF('09'!$D$7:$D$159,$C87,'09'!O$7:O$159)+SUMIF('10'!$D$7:$D$159,$C87,'10'!O$7:O$159)+SUMIF('11'!$D$7:$D$159,$C87,'11'!O$7:O$159)+SUMIF('12'!$D$7:$D$159,$C87,'12'!O$7:O$159)+SUMIF('01'!$D$7:$D$159,$C87,'01'!O$7:O$159) | N88: =SUMIF('09'!$D$7:$D$159,$C87,'09'!P$7:P$159)+SUMIF('10'!$D$7:$D$159,$C87,'10'!P$7:P$159)+SUMIF('11'!$D$7:$D$159,$C87,'11'!P$7:P$159)+SUMIF('12'!$D$7:$D$159,$C87,'12'!P$7:P$159)+SUMIF('01'!$D$7:$D$159,$C87,'01'!P$7:P$159) | O88: =SUMIF('09'!$D$7:$D$159,$C87,'09'!Q$7:Q$159)+SUMIF('10'!$D$7:$D$159,$C87,'10'!Q$7:Q$159)+SUMIF('11'!$D$7:$D$159,$C87,'11'!Q$7:Q$159)+SUMIF('12'!$D$7:$D$159,$C87,'12'!Q$7:Q$159)+SUMIF('01'!$D$7:$D$159,$C87,'01'!Q$7:Q$159) | P88: =SUMIF('09'!$D$7:$D$159,$C87,'09'!R$7:R$159)+SUMIF('10'!$D$7:$D$159,$C87,'10'!R$7:R$159)+SUMIF('11'!$D$7:$D$159,$C87,'11'!R$7:R$159)+SUMIF('12'!$D$7:$D$159,$C87,'12'!R$7:R$159)+SUMIF('01'!$D$7:$D$159,$C87,'01'!R$7:R$159) | Q88: =SUMIF('09'!$D$7:$D$159,$C87,'09'!S$7:S$159)+SUMIF('10'!$D$7:$D$159,$C87,'10'!S$7:S$159)+SUMIF('11'!$D$7:$D$159,$C87,'11'!S$7:S$159)+SUMIF('12'!$D$7:$D$159,$C87,'12'!S$7:S$159)+SUMIF('01'!$D$7:$D$159,$C87,'01'!S$7:S$159) | ... W88: =SUMIF('09'!$D$7:$D$159,$C87,'09'!Y$7:Y$159)+SUMIF('10'!$D$7:$D$159,$C87,'10'!Y$7:Y$159)+SUMIF('11'!$D$7:$D$159,$C87,'11'!Y$7:Y$159)+SUMIF('12'!$D$7:$D$159,$C87,'12'!Y$7:Y$159)+SUMIF('01'!$D$7:$D$159,$C87,'01'!Y$7:Y$159) | X88: =SUM(J88:W88)
A89: =IF(OR(C89="0",COUNTIF(КлючОсень,C89)>1),0,MATCH(F89,ВидыНагр,0)) | B89: =(COUNTA(D89:F90,J89:W89,H89:I90)=0) | C89: =IF(OR(TRIM(D89)="",COUNTIF(ВидыНагр,F89)<>1),"0",CONCATENATE("$",TRIM(D89),"$",TRIM(E89),"$",F89,"$")) | G89: план | X89: =SUM(J89:W89) | Y89: =X90-X89
A90: =-A89 | B90: =B89 | G90: факт | J90: =SUMIF('09'!$D$7:$D$159,$C89,'09'!L$7:L$159)+SUMIF('10'!$D$7:$D$159,$C89,'10'!L$7:L$159)+SUMIF('11'!$D$7:$D$159,$C89,'11'!L$7:L$159)+SUMIF('12'!$D$7:$D$159,$C89,'12'!L$7:L$159)+SUMIF('01'!$D$7:$D$159,$C89,'01'!L$7:L$159) | K90: =SUMIF('09'!$D$7:$D$159,$C89,'09'!M$7:M$159)+SUMIF('10'!$D$7:$D$159,$C89,'10'!M$7:M$159)+SUMIF('11'!$D$7:$D$159,$C89,'11'!M$7:M$159)+SUMIF('12'!$D$7:$D$159,$C89,'12'!M$7:M$159)+SUMIF('01'!$D$7:$D$159,$C89,'01'!M$7:M$159) | L90: =SUMIF('09'!$D$7:$D$159,$C89,'09'!N$7:N$159)+SUMIF('10'!$D$7:$D$159,$C89,'10'!N$7:N$159)+SUMIF('11'!$D$7:$D$159,$C89,'11'!N$7:N$159)+SUMIF('12'!$D$7:$D$159,$C89,'12'!N$7:N$159)+SUMIF('01'!$D$7:$D$159,$C89,'01'!N$7:N$159) | M90: =SUMIF('09'!$D$7:$D$159,$C89,'09'!O$7:O$159)+SUMIF('10'!$D$7:$D$159,$C89,'10'!O$7:O$159)+SUMIF('11'!$D$7:$D$159,$C89,'11'!O$7:O$159)+SUMIF('12'!$D$7:$D$159,$C89,'12'!O$7:O$159)+SUMIF('01'!$D$7:$D$159,$C89,'01'!O$7:O$159) | N90: =SUMIF('09'!$D$7:$D$159,$C89,'09'!P$7:P$159)+SUMIF('10'!$D$7:$D$159,$C89,'10'!P$7:P$159)+SUMIF('11'!$D$7:$D$159,$C89,'11'!P$7:P$159)+SUMIF('12'!$D$7:$D$159,$C89,'12'!P$7:P$159)+SUMIF('01'!$D$7:$D$159,$C89,'01'!P$7:P$159) | O90: =SUMIF('09'!$D$7:$D$159,$C89,'09'!Q$7:Q$159)+SUMIF('10'!$D$7:$D$159,$C89,'10'!Q$7:Q$159)+SUMIF('11'!$D$7:$D$159,$C89,'11'!Q$7:Q$159)+SUMIF('12'!$D$7:$D$159,$C89,'12'!Q$7:Q$159)+SUMIF('01'!$D$7:$D$159,$C89,'01'!Q$7:Q$159) | P90: =SUMIF('09'!$D$7:$D$159,$C89,'09'!R$7:R$159)+SUMIF('10'!$D$7:$D$159,$C89,'10'!R$7:R$159)+SUMIF('11'!$D$7:$D$159,$C89,'11'!R$7:R$159)+SUMIF('12'!$D$7:$D$159,$C89,'12'!R$7:R$159)+SUMIF('01'!$D$7:$D$159,$C89,'01'!R$7:R$159) | Q90: =SUMIF('09'!$D$7:$D$159,$C89,'09'!S$7:S$159)+SUMIF('10'!$D$7:$D$159,$C89,'10'!S$7:S$159)+SUMIF('11'!$D$7:$D$159,$C89,'11'!S$7:S$159)+SUMIF('12'!$D$7:$D$159,$C89,'12'!S$7:S$159)+SUMIF('01'!$D$7:$D$159,$C89,'01'!S$7:S$159) | ... W90: =SUMIF('09'!$D$7:$D$159,$C89,'09'!Y$7:Y$159)+SUMIF('10'!$D$7:$D$159,$C89,'10'!Y$7:Y$159)+SUMIF('11'!$D$7:$D$159,$C89,'11'!Y$7:Y$159)+SUMIF('12'!$D$7:$D$159,$C89,'12'!Y$7:Y$159)+SUMIF('01'!$D$7:$D$159,$C89,'01'!Y$7:Y$159) | X90: =SUM(J90:W90)
A91: =IF(OR(C91="0",COUNTIF(КлючОсень,C91)>1),0,MATCH(F91,ВидыНагр,0)) | B91: =(COUNTA(D91:F92,J91:W91,H91:I92)=0) | C91: =IF(OR(TRIM(D91)="",COUNTIF(ВидыНагр,F91)<>1),"0",CONCATENATE("$",TRIM(D91),"$",TRIM(E91),"$",F91,"$")) | G91: план | X91: =SUM(J91:W91) | Y91: =X92-X91
A92: =-A91 | B92: =B91 | G92: факт | J92: =SUMIF('09'!$D$7:$D$159,$C91,'09'!L$7:L$159)+SUMIF('10'!$D$7:$D$159,$C91,'10'!L$7:L$159)+SUMIF('11'!$D$7:$D$159,$C91,'11'!L$7:L$159)+SUMIF('12'!$D$7:$D$159,$C91,'12'!L$7:L$159)+SUMIF('01'!$D$7:$D$159,$C91,'01'!L$7:L$159) | K92: =SUMIF('09'!$D$7:$D$159,$C91,'09'!M$7:M$159)+SUMIF('10'!$D$7:$D$159,$C91,'10'!M$7:M$159)+SUMIF('11'!$D$7:$D$159,$C91,'11'!M$7:M$159)+SUMIF('12'!$D$7:$D$159,$C91,'12'!M$7:M$159)+SUMIF('01'!$D$7:$D$159,$C91,'01'!M$7:M$159) | L92: =SUMIF('09'!$D$7:$D$159,$C91,'09'!N$7:N$159)+SUMIF('10'!$D$7:$D$159,$C91,'10'!N$7:N$159)+SUMIF('11'!$D$7:$D$159,$C91,'11'!N$7:N$159)+SUMIF('12'!$D$7:$D$159,$C91,'12'!N$7:N$159)+SUMIF('01'!$D$7:$D$159,$C91,'01'!N$7:N$159) | M92: =SUMIF('09'!$D$7:$D$159,$C91,'09'!O$7:O$159)+SUMIF('10'!$D$7:$D$159,$C91,'10'!O$7:O$159)+SUMIF('11'!$D$7:$D$159,$C91,'11'!O$7:O$159)+SUMIF('12'!$D$7:$D$159,$C91,'12'!O$7:O$159)+SUMIF('01'!$D$7:$D$159,$C91,'01'!O$7:O$159) | N92: =SUMIF('09'!$D$7:$D$159,$C91,'09'!P$7:P$159)+SUMIF('10'!$D$7:$D$159,$C91,'10'!P$7:P$159)+SUMIF('11'!$D$7:$D$159,$C91,'11'!P$7:P$159)+SUMIF('12'!$D$7:$D$159,$C91,'12'!P$7:P$159)+SUMIF('01'!$D$7:$D$159,$C91,'01'!P$7:P$159) | O92: =SUMIF('09'!$D$7:$D$159,$C91,'09'!Q$7:Q$159)+SUMIF('10'!$D$7:$D$159,$C91,'10'!Q$7:Q$159)+SUMIF('11'!$D$7:$D$159,$C91,'11'!Q$7:Q$159)+SUMIF('12'!$D$7:$D$159,$C91,'12'!Q$7:Q$159)+SUMIF('01'!$D$7:$D$159,$C91,'01'!Q$7:Q$159) | P92: =SUMIF('09'!$D$7:$D$159,$C91,'09'!R$7:R$159)+SUMIF('10'!$D$7:$D$159,$C91,'10'!R$7:R$159)+SUMIF('11'!$D$7:$D$159,$C91,'11'!R$7:R$159)+SUMIF('12'!$D$7:$D$159,$C91,'12'!R$7:R$159)+SUMIF('01'!$D$7:$D$159,$C91,'01'!R$7:R$159) | Q92: =SUMIF('09'!$D$7:$D$159,$C91,'09'!S$7:S$159)+SUMIF('10'!$D$7:$D$159,$C91,'10'!S$7:S$159)+SUMIF('11'!$D$7:$D$159,$C91,'11'!S$7:S$159)+SUMIF('12'!$D$7:$D$159,$C91,'12'!S$7:S$159)+SUMIF('01'!$D$7:$D$159,$C91,'01'!S$7:S$159) | ... W92: =SUMIF('09'!$D$7:$D$159,$C91,'09'!Y$7:Y$159)+SUMIF('10'!$D$7:$D$159,$C91,'10'!Y$7:Y$159)+SUMIF('11'!$D$7:$D$159,$C91,'11'!Y$7:Y$159)+SUMIF('12'!$D$7:$D$159,$C91,'12'!Y$7:Y$159)+SUMIF('01'!$D$7:$D$159,$C91,'01'!Y$7:Y$159) | X92: =SUM(J92:W92)
A93: =IF(OR(C93="0",COUNTIF(КлючОсень,C93)>1),0,MATCH(F93,ВидыНагр,0)) | B93: =(COUNTA(D93:F94,J93:W93,H93:I94)=0) | C93: =IF(OR(TRIM(D93)="",COUNTIF(ВидыНагр,F93)<>1),"0",CONCATENATE("$",TRIM(D93),"$",TRIM(E93),"$",F93,"$")) | G93: план | X93: =SUM(J93:W93) | Y93: =X94-X93
A94: =-A93 | B94: =B93 | G94: факт | J94: =SUMIF('09'!$D$7:$D$159,$C93,'09'!L$7:L$159)+SUMIF('10'!$D$7:$D$159,$C93,'10'!L$7:L$159)+SUMIF('11'!$D$7:$D$159,$C93,'11'!L$7:L$159)+SUMIF('12'!$D$7:$D$159,$C93,'12'!L$7:L$159)+SUMIF('01'!$D$7:$D$159,$C93,'01'!L$7:L$159) | K94: =SUMIF('09'!$D$7:$D$159,$C93,'09'!M$7:M$159)+SUMIF('10'!$D$7:$D$159,$C93,'10'!M$7:M$159)+SUMIF('11'!$D$7:$D$159,$C93,'11'!M$7:M$159)+SUMIF('12'!$D$7:$D$159,$C93,'12'!M$7:M$159)+SUMIF('01'!$D$7:$D$159,$C93,'01'!M$7:M$159) | L94: =SUMIF('09'!$D$7:$D$159,$C93,'09'!N$7:N$159)+SUMIF('10'!$D$7:$D$159,$C93,'10'!N$7:N$159)+SUMIF('11'!$D$7:$D$159,$C93,'11'!N$7:N$159)+SUMIF('12'!$D$7:$D$159,$C93,'12'!N$7:N$159)+SUMIF('01'!$D$7:$D$159,$C93,'01'!N$7:N$159) | M94: =SUMIF('09'!$D$7:$D$159,$C93,'09'!O$7:O$159)+SUMIF('10'!$D$7:$D$159,$C93,'10'!O$7:O$159)+SUMIF('11'!$D$7:$D$159,$C93,'11'!O$7:O$159)+SUMIF('12'!$D$7:$D$159,$C93,'12'!O$7:O$159)+SUMIF('01'!$D$7:$D$159,$C93,'01'!O$7:O$159) | N94: =SUMIF('09'!$D$7:$D$159,$C93,'09'!P$7:P$159)+SUMIF('10'!$D$7:$D$159,$C93,'10'!P$7:P$159)+SUMIF('11'!$D$7:$D$159,$C93,'11'!P$7:P$159)+SUMIF('12'!$D$7:$D$159,$C93,'12'!P$7:P$159)+SUMIF('01'!$D$7:$D$159,$C93,'01'!P$7:P$159) | O94: =SUMIF('09'!$D$7:$D$159,$C93,'09'!Q$7:Q$159)+SUMIF('10'!$D$7:$D$159,$C93,'10'!Q$7:Q$159)+SUMIF('11'!$D$7:$D$159,$C93,'11'!Q$7:Q$159)+SUMIF('12'!$D$7:$D$159,$C93,'12'!Q$7:Q$159)+SUMIF('01'!$D$7:$D$159,$C93,'01'!Q$7:Q$159) | P94: =SUMIF('09'!$D$7:$D$159,$C93,'09'!R$7:R$159)+SUMIF('10'!$D$7:$D$159,$C93,'10'!R$7:R$159)+SUMIF('11'!$D$7:$D$159,$C93,'11'!R$7:R$159)+SUMIF('12'!$D$7:$D$159,$C93,'12'!R$7:R$159)+SUMIF('01'!$D$7:$D$159,$C93,'01'!R$7:R$159) | Q94: =SUMIF('09'!$D$7:$D$159,$C93,'09'!S$7:S$159)+SUMIF('10'!$D$7:$D$159,$C93,'10'!S$7:S$159)+SUMIF('11'!$D$7:$D$159,$C93,'11'!S$7:S$159)+SUMIF('12'!$D$7:$D$159,$C93,'12'!S$7:S$159)+SUMIF('01'!$D$7:$D$159,$C93,'01'!S$7:S$159) | ... W94: =SUMIF('09'!$D$7:$D$159,$C93,'09'!Y$7:Y$159)+SUMIF('10'!$D$7:$D$159,$C93,'10'!Y$7:Y$159)+SUMIF('11'!$D$7:$D$159,$C93,'11'!Y$7:Y$159)+SUMIF('12'!$D$7:$D$159,$C93,'12'!Y$7:Y$159)+SUMIF('01'!$D$7:$D$159,$C93,'01'!Y$7:Y$159) | X94: =SUM(J94:W94)
A95: =IF(OR(C95="0",COUNTIF(КлючОсень,C95)>1),0,MATCH(F95,ВидыНагр,0)) | B95: =(COUNTA(D95:F96,J95:W95,H95:I96)=0) | C95: =IF(OR(TRIM(D95)="",COUNTIF(ВидыНагр,F95)<>1),"0",CONCATENATE("$",TRIM(D95),"$",TRIM(E95),"$",F95,"$")) | G95: план | X95: =SUM(J95:W95) | Y95: =X96-X95
A96: =-A95 | B96: =B95 | G96: факт | J96: =SUMIF('09'!$D$7:$D$159,$C95,'09'!L$7:L$159)+SUMIF('10'!$D$7:$D$159,$C95,'10'!L$7:L$159)+SUMIF('11'!$D$7:$D$159,$C95,'11'!L$7:L$159)+SUMIF('12'!$D$7:$D$159,$C95,'12'!L$7:L$159)+SUMIF('01'!$D$7:$D$159,$C95,'01'!L$7:L$159) | K96: =SUMIF('09'!$D$7:$D$159,$C95,'09'!M$7:M$159)+SUMIF('10'!$D$7:$D$159,$C95,'10'!M$7:M$159)+SUMIF('11'!$D$7:$D$159,$C95,'11'!M$7:M$159)+SUMIF('12'!$D$7:$D$159,$C95,'12'!M$7:M$159)+SUMIF('01'!$D$7:$D$159,$C95,'01'!M$7:M$159) | L96: =SUMIF('09'!$D$7:$D$159,$C95,'09'!N$7:N$159)+SUMIF('10'!$D$7:$D$159,$C95,'10'!N$7:N$159)+SUMIF('11'!$D$7:$D$159,$C95,'11'!N$7:N$159)+SUMIF('12'!$D$7:$D$159,$C95,'12'!N$7:N$159)+SUMIF('01'!$D$7:$D$159,$C95,'01'!N$7:N$159) | M96: =SUMIF('09'!$D$7:$D$159,$C95,'09'!O$7:O$159)+SUMIF('10'!$D$7:$D$159,$C95,'10'!O$7:O$159)+SUMIF('11'!$D$7:$D$159,$C95,'11'!O$7:O$159)+SUMIF('12'!$D$7:$D$159,$C95,'12'!O$7:O$159)+SUMIF('01'!$D$7:$D$159,$C95,'01'!O$7:O$159) | N96: =SUMIF('09'!$D$7:$D$159,$C95,'09'!P$7:P$159)+SUMIF('10'!$D$7:$D$159,$C95,'10'!P$7:P$159)+SUMIF('11'!$D$7:$D$159,$C95,'11'!P$7:P$159)+SUMIF('12'!$D$7:$D$159,$C95,'12'!P$7:P$159)+SUMIF('01'!$D$7:$D$159,$C95,'01'!P$7:P$159) | O96: =SUMIF('09'!$D$7:$D$159,$C95,'09'!Q$7:Q$159)+SUMIF('10'!$D$7:$D$159,$C95,'10'!Q$7:Q$159)+SUMIF('11'!$D$7:$D$159,$C95,'11'!Q$7:Q$159)+SUMIF('12'!$D$7:$D$159,$C95,'12'!Q$7:Q$159)+SUMIF('01'!$D$7:$D$159,$C95,'01'!Q$7:Q$159) | P96: =SUMIF('09'!$D$7:$D$159,$C95,'09'!R$7:R$159)+SUMIF('10'!$D$7:$D$159,$C95,'10'!R$7:R$159)+SUMIF('11'!$D$7:$D$159,$C95,'11'!R$7:R$159)+SUMIF('12'!$D$7:$D$159,$C95,'12'!R$7:R$159)+SUMIF('01'!$D$7:$D$159,$C95,'01'!R$7:R$159) | Q96: =SUMIF('09'!$D$7:$D$159,$C95,'09'!S$7:S$159)+SUMIF('10'!$D$7:$D$159,$C95,'10'!S$7:S$159)+SUMIF('11'!$D$7:$D$159,$C95,'11'!S$7:S$159)+SUMIF('12'!$D$7:$D$159,$C95,'12'!S$7:S$159)+SUMIF('01'!$D$7:$D$159,$C95,'01'!S$7:S$159) | ... W96: =SUMIF('09'!$D$7:$D$159,$C95,'09'!Y$7:Y$159)+SUMIF('10'!$D$7:$D$159,$C95,'10'!Y$7:Y$159)+SUMIF('11'!$D$7:$D$159,$C95,'11'!Y$7:Y$159)+SUMIF('12'!$D$7:$D$159,$C95,'12'!Y$7:Y$159)+SUMIF('01'!$D$7:$D$159,$C95,'01'!Y$7:Y$159) | X96: =SUM(J96:W96)
A97: =IF(OR(C97="0",COUNTIF(КлючОсень,C97)>1),0,MATCH(F97,ВидыНагр,0)) | B97: =(COUNTA(D97:F98,J97:W97,H97:I98)=0) | C97: =IF(OR(TRIM(D97)="",COUNTIF(ВидыНагр,F97)<>1),"0",CONCATENATE("$",TRIM(D97),"$",TRIM(E97),"$",F97,"$")) | G97: план | X97: =SUM(J97:W97) | Y97: =X98-X97
A98: =-A97 | B98: =B97 | G98: факт | J98: =SUMIF('09'!$D$7:$D$159,$C97,'09'!L$7:L$159)+SUMIF('10'!$D$7:$D$159,$C97,'10'!L$7:L$159)+SUMIF('11'!$D$7:$D$159,$C97,'11'!L$7:L$159)+SUMIF('12'!$D$7:$D$159,$C97,'12'!L$7:L$159)+SUMIF('01'!$D$7:$D$159,$C97,'01'!L$7:L$159) | K98: =SUMIF('09'!$D$7:$D$159,$C97,'09'!M$7:M$159)+SUMIF('10'!$D$7:$D$159,$C97,'10'!M$7:M$159)+SUMIF('11'!$D$7:$D$159,$C97,'11'!M$7:M$159)+SUMIF('12'!$D$7:$D$159,$C97,'12'!M$7:M$159)+SUMIF('01'!$D$7:$D$159,$C97,'01'!M$7:M$159) | L98: =SUMIF('09'!$D$7:$D$159,$C97,'09'!N$7:N$159)+SUMIF('10'!$D$7:$D$159,$C97,'10'!N$7:N$159)+SUMIF('11'!$D$7:$D$159,$C97,'11'!N$7:N$159)+SUMIF('12'!$D$7:$D$159,$C97,'12'!N$7:N$159)+SUMIF('01'!$D$7:$D$159,$C97,'01'!N$7:N$159) | M98: =SUMIF('09'!$D$7:$D$159,$C97,'09'!O$7:O$159)+SUMIF('10'!$D$7:$D$159,$C97,'10'!O$7:O$159)+SUMIF('11'!$D$7:$D$159,$C97,'11'!O$7:O$159)+SUMIF('12'!$D$7:$D$159,$C97,'12'!O$7:O$159)+SUMIF('01'!$D$7:$D$159,$C97,'01'!O$7:O$159) | N98: =SUMIF('09'!$D$7:$D$159,$C97,'09'!P$7:P$159)+SUMIF('10'!$D$7:$D$159,$C97,'10'!P$7:P$159)+SUMIF('11'!$D$7:$D$159,$C97,'11'!P$7:P$159)+SUMIF('12'!$D$7:$D$159,$C97,'12'!P$7:P$159)+SUMIF('01'!$D$7:$D$159,$C97,'01'!P$7:P$159) | O98: =SUMIF('09'!$D$7:$D$159,$C97,'09'!Q$7:Q$159)+SUMIF('10'!$D$7:$D$159,$C97,'10'!Q$7:Q$159)+SUMIF('11'!$D$7:$D$159,$C97,'11'!Q$7:Q$159)+SUMIF('12'!$D$7:$D$159,$C97,'12'!Q$7:Q$159)+SUMIF('01'!$D$7:$D$159,$C97,'01'!Q$7:Q$159) | P98: =SUMIF('09'!$D$7:$D$159,$C97,'09'!R$7:R$159)+SUMIF('10'!$D$7:$D$159,$C97,'10'!R$7:R$159)+SUMIF('11'!$D$7:$D$159,$C97,'11'!R$7:R$159)+SUMIF('12'!$D$7:$D$159,$C97,'12'!R$7:R$159)+SUMIF('01'!$D$7:$D$159,$C97,'01'!R$7:R$159) | Q98: =SUMIF('09'!$D$7:$D$159,$C97,'09'!S$7:S$159)+SUMIF('10'!$D$7:$D$159,$C97,'10'!S$7:S$159)+SUMIF('11'!$D$7:$D$159,$C97,'11'!S$7:S$159)+SUMIF('12'!$D$7:$D$159,$C97,'12'!S$7:S$159)+SUMIF('01'!$D$7:$D$159,$C97,'01'!S$7:S$159) | ... W98: =SUMIF('09'!$D$7:$D$159,$C97,'09'!Y$7:Y$159)+SUMIF('10'!$D$7:$D$159,$C97,'10'!Y$7:Y$159)+SUMIF('11'!$D$7:$D$159,$C97,'11'!Y$7:Y$159)+SUMIF('12'!$D$7:$D$159,$C97,'12'!Y$7:Y$159)+SUMIF('01'!$D$7:$D$159,$C97,'01'!Y$7:Y$159) | X98: =SUM(J98:W98)
A99: =IF(OR(C99="0",COUNTIF(КлючОсень,C99)>1),0,MATCH(F99,ВидыНагр,0)) | B99: =(COUNTA(D99:F100,J99:W99,H99:I100)=0) | C99: =IF(OR(TRIM(D99)="",COUNTIF(ВидыНагр,F99)<>1),"0",CONCATENATE("$",TRIM(D99),"$",TRIM(E99),"$",F99,"$")) | G99: план | X99: =SUM(J99:W99) | Y99: =X100-X99
A100: =-A99 | B100: =B99 | G100: факт | J100: =SUMIF('09'!$D$7:$D$159,$C99,'09'!L$7:L$159)+SUMIF('10'!$D$7:$D$159,$C99,'10'!L$7:L$159)+SUMIF('11'!$D$7:$D$159,$C99,'11'!L$7:L$159)+SUMIF('12'!$D$7:$D$159,$C99,'12'!L$7:L$159)+SUMIF('01'!$D$7:$D$159,$C99,'01'!L$7:L$159) | K100: =SUMIF('09'!$D$7:$D$159,$C99,'09'!M$7:M$159)+SUMIF('10'!$D$7:$D$159,$C99,'10'!M$7:M$159)+SUMIF('11'!$D$7:$D$159,$C99,'11'!M$7:M$159)+SUMIF('12'!$D$7:$D$159,$C99,'12'!M$7:M$159)+SUMIF('01'!$D$7:$D$159,$C99,'01'!M$7:M$159) | L100: =SUMIF('09'!$D$7:$D$159,$C99,'09'!N$7:N$159)+SUMIF('10'!$D$7:$D$159,$C99,'10'!N$7:N$159)+SUMIF('11'!$D$7:$D$159,$C99,'11'!N$7:N$159)+SUMIF('12'!$D$7:$D$159,$C99,'12'!N$7:N$159)+SUMIF('01'!$D$7:$D$159,$C99,'01'!N$7:N$159) | M100: =SUMIF('09'!$D$7:$D$159,$C99,'09'!O$7:O$159)+SUMIF('10'!$D$7:$D$159,$C99,'10'!O$7:O$159)+SUMIF('11'!$D$7:$D$159,$C99,'11'!O$7:O$159)+SUMIF('12'!$D$7:$D$159,$C99,'12'!O$7:O$159)+SUMIF('01'!$D$7:$D$159,$C99,'01'!O$7:O$159) | N100: =SUMIF('09'!$D$7:$D$159,$C99,'09'!P$7:P$159)+SUMIF('10'!$D$7:$D$159,$C99,'10'!P$7:P$159)+SUMIF('11'!$D$7:$D$159,$C99,'11'!P$7:P$159)+SUMIF('12'!$D$7:$D$159,$C99,'12'!P$7:P$159)+SUMIF('01'!$D$7:$D$159,$C99,'01'!P$7:P$159) | O100: =SUMIF('09'!$D$7:$D$159,$C99,'09'!Q$7:Q$159)+SUMIF('10'!$D$7:$D$159,$C99,'10'!Q$7:Q$159)+SUMIF('11'!$D$7:$D$159,$C99,'11'!Q$7:Q$159)+SUMIF('12'!$D$7:$D$159,$C99,'12'!Q$7:Q$159)+SUMIF('01'!$D$7:$D$159,$C99,'01'!Q$7:Q$159) | P100: =SUMIF('09'!$D$7:$D$159,$C99,'09'!R$7:R$159)+SUMIF('10'!$D$7:$D$159,$C99,'10'!R$7:R$159)+SUMIF('11'!$D$7:$D$159,$C99,'11'!R$7:R$159)+SUMIF('12'!$D$7:$D$159,$C99,'12'!R$7:R$159)+SUMIF('01'!$D$7:$D$159,$C99,'01'!R$7:R$159) | Q100: =SUMIF('09'!$D$7:$D$159,$C99,'09'!S$7:S$159)+SUMIF('10'!$D$7:$D$159,$C99,'10'!S$7:S$159)+SUMIF('11'!$D$7:$D$159,$C99,'11'!S$7:S$159)+SUMIF('12'!$D$7:$D$159,$C99,'12'!S$7:S$159)+SUMIF('01'!$D$7:$D$159,$C99,'01'!S$7:S$159) | ... W100: =SUMIF('09'!$D$7:$D$159,$C99,'09'!Y$7:Y$159)+SUMIF('10'!$D$7:$D$159,$C99,'10'!Y$7:Y$159)+SUMIF('11'!$D$7:$D$159,$C99,'11'!Y$7:Y$159)+SUMIF('12'!$D$7:$D$159,$C99,'12'!Y$7:Y$159)+SUMIF('01'!$D$7:$D$159,$C99,'01'!Y$7:Y$159) | X100: =SUM(J100:W100)
...

Sheet весна
D1: Заполнить | J1: Заполнить только строки "план" (значения в строках "факт" рассчитываются автоматически)
A2: индекс | B2: пусто | C2: ключ | D2: Дисциплина, вид учебной работы | E2: Группа (институт, направление, профиль или специальность, уровень, курс) | F2: Вид нагрузки | G2: План / Факт | H2: Количество подгрупп | I2: Количество студентов | J2: лекции | K2: практические занятия и семинары | L2: лабораторные работы | M2: консультации | N2: контрольные работы | O2: курсовые проекты и работы | P2: зачеты, дифферен-цированные зачеты | Q2: семестровые экзамены | R2: КСР | S2: руководство практиками | T2: руководство научной работой | U2: руководство ВКР (дипломные проекты) | V2: ГЭК, ИАК | W2: прочие | X2: всего | Y2: Отклонение от плана | Z2: Примечания
D3: Всего за семестр | G3: план | J3: =SUMIF($G$5:$G$178,$G3,J$5:J$178) | K3: =SUMIF($G$5:$G$178,$G3,K$5:K$178) | L3: =SUMIF($G$5:$G$178,$G3,L$5:L$178) | M3: =SUMIF($G$5:$G$178,$G3,M$5:M$178) | N3: =SUMIF($G$5:$G$178,$G3,N$5:N$178) | O3: =SUMIF($G$5:$G$178,$G3,O$5:O$178) | P3: =SUMIF($G$5:$G$178,$G3,P$5:P$178) | Q3: =SUMIF($G$5:$G$178,$G3,Q$5:Q$178) | ... W3: =SUMIF($G$5:$G$178,$G3,W$5:W$178) | X3: =SUM(J3:W3) | Y3: =X4-X3 | Z3: =Утв_План
G4: факт | J4: =SUMIF($G$5:$G$178,$G4,J$5:J$178) | K4: =SUMIF($G$5:$G$178,$G4,K$5:K$178) | L4: =SUMIF($G$5:$G$178,$G4,L$5:L$178) | M4: =SUMIF($G$5:$G$178,$G4,M$5:M$178) | N4: =SUMIF($G$5:$G$178,$G4,N$5:N$178) | O4: =SUMIF($G$5:$G$178,$G4,O$5:O$178) | P4: =SUMIF($G$5:$G$178,$G4,P$5:P$178) | Q4: =SUMIF($G$5:$G$178,$G4,Q$5:Q$178) | ... W4: =SUMIF($G$5:$G$178,$G4,W$5:W$178) | X4: =SUM(J4:W4) | Z4: =Утв_Весна
A5: =IF(OR(C5="0",COUNTIF(КлючВесна,C5)>1),0,MATCH(F5,ВидыНагр,0)) | B5: =(COUNTA(D5:F6,J5:W5,H5:I6)=0) | C5: =IF(OR(TRIM(D5)="",COUNTIF(ВидыНагр,F5)<>1),"0",CONCATENATE("$",TRIM(D5),"$",TRIM(E5),"$",F5,"$")) | D5: Математический анализ | E5: 607-42 (БезопИнфСист-24-1) | F5: почас. | G5: план | K5: 8 | X5: =SUM(J5:W5) | Y5: =X6-X5
A6: =-A5 | B6: =B5 | G6: факт | J6: =SUMIF('02'!$D$7:$D$159,$C5,'02'!L$7:L$159)+SUMIF('03'!$D$7:$D$159,$C5,'03'!L$7:L$159)+SUMIF('04'!$D$7:$D$159,$C5,'04'!L$7:L$159)+SUMIF('05'!$D$7:$D$159,$C5,'05'!L$7:L$159)+SUMIF('06'!$D$7:$D$159,$C5,'06'!L$7:L$159)+SUMIF('07'!$D$7:$D$159,$C5,'07'!L$7:L$159)+SUMIF('08'!$D$7:$D$159,$C5,'08'!L$7:L$159) | K6: =SUMIF('02'!$D$7:$D$159,$C5,'02'!M$7:M$159)+SUMIF('03'!$D$7:$D$159,$C5,'03'!M$7:M$159)+SUMIF('04'!$D$7:$D$159,$C5,'04'!M$7:M$159)+SUMIF('05'!$D$7:$D$159,$C5,'05'!M$7:M$159)+SUMIF('06'!$D$7:$D$159,$C5,'06'!M$7:M$159)+SUMIF('07'!$D$7:$D$159,$C5,'07'!M$7:M$159)+SUMIF('08'!$D$7:$D$159,$C5,'08'!M$7:M$159) | L6: =SUMIF('02'!$D$7:$D$159,$C5,'02'!N$7:N$159)+SUMIF('03'!$D$7:$D$159,$C5,'03'!N$7:N$159)+SUMIF('04'!$D$7:$D$159,$C5,'04'!N$7:N$159)+SUMIF('05'!$D$7:$D$159,$C5,'05'!N$7:N$159)+SUMIF('06'!$D$7:$D$159,$C5,'06'!N$7:N$159)+SUMIF('07'!$D$7:$D$159,$C5,'07'!N$7:N$159)+SUMIF('08'!$D$7:$D$159,$C5,'08'!N$7:N$159) | M6: =SUMIF('02'!$D$7:$D$159,$C5,'02'!O$7:O$159)+SUMIF('03'!$D$7:$D$159,$C5,'03'!O$7:O$159)+SUMIF('04'!$D$7:$D$159,$C5,'04'!O$7:O$159)+SUMIF('05'!$D$7:$D$159,$C5,'05'!O$7:O$159)+SUMIF('06'!$D$7:$D$159,$C5,'06'!O$7:O$159)+SUMIF('07'!$D$7:$D$159,$C5,'07'!O$7:O$159)+SUMIF('08'!$D$7:$D$159,$C5,'08'!O$7:O$159) | N6: =SUMIF('02'!$D$7:$D$159,$C5,'02'!P$7:P$159)+SUMIF('03'!$D$7:$D$159,$C5,'03'!P$7:P$159)+SUMIF('04'!$D$7:$D$159,$C5,'04'!P$7:P$159)+SUMIF('05'!$D$7:$D$159,$C5,'05'!P$7:P$159)+SUMIF('06'!$D$7:$D$159,$C5,'06'!P$7:P$159)+SUMIF('07'!$D$7:$D$159,$C5,'07'!P$7:P$159)+SUMIF('08'!$D$7:$D$159,$C5,'08'!P$7:P$159) | O6: =SUMIF('02'!$D$7:$D$159,$C5,'02'!Q$7:Q$159)+SUMIF('03'!$D$7:$D$159,$C5,'03'!Q$7:Q$159)+SUMIF('04'!$D$7:$D$159,$C5,'04'!Q$7:Q$159)+SUMIF('05'!$D$7:$D$159,$C5,'05'!Q$7:Q$159)+SUMIF('06'!$D$7:$D$159,$C5,'06'!Q$7:Q$159)+SUMIF('07'!$D$7:$D$159,$C5,'07'!Q$7:Q$159)+SUMIF('08'!$D$7:$D$159,$C5,'08'!Q$7:Q$159) | P6: =SUMIF('02'!$D$7:$D$159,$C5,'02'!R$7:R$159)+SUMIF('03'!$D$7:$D$159,$C5,'03'!R$7:R$159)+SUMIF('04'!$D$7:$D$159,$C5,'04'!R$7:R$159)+SUMIF('05'!$D$7:$D$159,$C5,'05'!R$7:R$159)+SUMIF('06'!$D$7:$D$159,$C5,'06'!R$7:R$159)+SUMIF('07'!$D$7:$D$159,$C5,'07'!R$7:R$159)+SUMIF('08'!$D$7:$D$159,$C5,'08'!R$7:R$159) | Q6: =SUMIF('02'!$D$7:$D$159,$C5,'02'!S$7:S$159)+SUMIF('03'!$D$7:$D$159,$C5,'03'!S$7:S$159)+SUMIF('04'!$D$7:$D$159,$C5,'04'!S$7:S$159)+SUMIF('05'!$D$7:$D$159,$C5,'05'!S$7:S$159)+SUMIF('06'!$D$7:$D$159,$C5,'06'!S$7:S$159)+SUMIF('07'!$D$7:$D$159,$C5,'07'!S$7:S$159)+SUMIF('08'!$D$7:$D$159,$C5,'08'!S$7:S$159) | ... W6: =SUMIF('02'!$D$7:$D$159,$C5,'02'!Y$7:Y$159)+SUMIF('03'!$D$7:$D$159,$C5,'03'!Y$7:Y$159)+SUMIF('04'!$D$7:$D$159,$C5,'04'!Y$7:Y$159)+SUMIF('05'!$D$7:$D$159,$C5,'05'!Y$7:Y$159)+SUMIF('06'!$D$7:$D$159,$C5,'06'!Y$7:Y$159)+SUMIF('07'!$D$7:$D$159,$C5,'07'!Y$7:Y$159)+SUMIF('08'!$D$7:$D$159,$C5,'08'!Y$7:Y$159) | X6: =SUM(J6:W6)
A7: =IF(OR(C7="0",COUNTIF(КлючВесна,C7)>1),0,MATCH(F7,ВидыНагр,0)) | B7: =(COUNTA(D7:F8,J7:W7,H7:I8)=0) | C7: =IF(OR(TRIM(D7)="",COUNTIF(ВидыНагр,F7)<>1),"0",CONCATENATE("$",TRIM(D7),"$",TRIM(E7),"$",F7,"$")) | D7: Математический анализ | E7: 607-42 (БезопИнфСист-24-1) | F7: совм. | G7: план | K7: 40 | X7: =SUM(J7:W7) | Y7: =X8-X7
A8: =-A7 | B8: =B7 | G8: факт | J8: =SUMIF('02'!$D$7:$D$159,$C7,'02'!L$7:L$159)+SUMIF('03'!$D$7:$D$159,$C7,'03'!L$7:L$159)+SUMIF('04'!$D$7:$D$159,$C7,'04'!L$7:L$159)+SUMIF('05'!$D$7:$D$159,$C7,'05'!L$7:L$159)+SUMIF('06'!$D$7:$D$159,$C7,'06'!L$7:L$159)+SUMIF('07'!$D$7:$D$159,$C7,'07'!L$7:L$159)+SUMIF('08'!$D$7:$D$159,$C7,'08'!L$7:L$159) | K8: =SUMIF('02'!$D$7:$D$159,$C7,'02'!M$7:M$159)+SUMIF('03'!$D$7:$D$159,$C7,'03'!M$7:M$159)+SUMIF('04'!$D$7:$D$159,$C7,'04'!M$7:M$159)+SUMIF('05'!$D$7:$D$159,$C7,'05'!M$7:M$159)+SUMIF('06'!$D$7:$D$159,$C7,'06'!M$7:M$159)+SUMIF('07'!$D$7:$D$159,$C7,'07'!M$7:M$159)+SUMIF('08'!$D$7:$D$159,$C7,'08'!M$7:M$159) | L8: =SUMIF('02'!$D$7:$D$159,$C7,'02'!N$7:N$159)+SUMIF('03'!$D$7:$D$159,$C7,'03'!N$7:N$159)+SUMIF('04'!$D$7:$D$159,$C7,'04'!N$7:N$159)+SUMIF('05'!$D$7:$D$159,$C7,'05'!N$7:N$159)+SUMIF('06'!$D$7:$D$159,$C7,'06'!N$7:N$159)+SUMIF('07'!$D$7:$D$159,$C7,'07'!N$7:N$159)+SUMIF('08'!$D$7:$D$159,$C7,'08'!N$7:N$159) | M8: =SUMIF('02'!$D$7:$D$159,$C7,'02'!O$7:O$159)+SUMIF('03'!$D$7:$D$159,$C7,'03'!O$7:O$159)+SUMIF('04'!$D$7:$D$159,$C7,'04'!O$7:O$159)+SUMIF('05'!$D$7:$D$159,$C7,'05'!O$7:O$159)+SUMIF('06'!$D$7:$D$159,$C7,'06'!O$7:O$159)+SUMIF('07'!$D$7:$D$159,$C7,'07'!O$7:O$159)+SUMIF('08'!$D$7:$D$159,$C7,'08'!O$7:O$159) | N8: =SUMIF('02'!$D$7:$D$159,$C7,'02'!P$7:P$159)+SUMIF('03'!$D$7:$D$159,$C7,'03'!P$7:P$159)+SUMIF('04'!$D$7:$D$159,$C7,'04'!P$7:P$159)+SUMIF('05'!$D$7:$D$159,$C7,'05'!P$7:P$159)+SUMIF('06'!$D$7:$D$159,$C7,'06'!P$7:P$159)+SUMIF('07'!$D$7:$D$159,$C7,'07'!P$7:P$159)+SUMIF('08'!$D$7:$D$159,$C7,'08'!P$7:P$159) | O8: =SUMIF('02'!$D$7:$D$159,$C7,'02'!Q$7:Q$159)+SUMIF('03'!$D$7:$D$159,$C7,'03'!Q$7:Q$159)+SUMIF('04'!$D$7:$D$159,$C7,'04'!Q$7:Q$159)+SUMIF('05'!$D$7:$D$159,$C7,'05'!Q$7:Q$159)+SUMIF('06'!$D$7:$D$159,$C7,'06'!Q$7:Q$159)+SUMIF('07'!$D$7:$D$159,$C7,'07'!Q$7:Q$159)+SUMIF('08'!$D$7:$D$159,$C7,'08'!Q$7:Q$159) | P8: =SUMIF('02'!$D$7:$D$159,$C7,'02'!R$7:R$159)+SUMIF('03'!$D$7:$D$159,$C7,'03'!R$7:R$159)+SUMIF('04'!$D$7:$D$159,$C7,'04'!R$7:R$159)+SUMIF('05'!$D$7:$D$159,$C7,'05'!R$7:R$159)+SUMIF('06'!$D$7:$D$159,$C7,'06'!R$7:R$159)+SUMIF('07'!$D$7:$D$159,$C7,'07'!R$7:R$159)+SUMIF('08'!$D$7:$D$159,$C7,'08'!R$7:R$159) | Q8: =SUMIF('02'!$D$7:$D$159,$C7,'02'!S$7:S$159)+SUMIF('03'!$D$7:$D$159,$C7,'03'!S$7:S$159)+SUMIF('04'!$D$7:$D$159,$C7,'04'!S$7:S$159)+SUMIF('05'!$D$7:$D$159,$C7,'05'!S$7:S$159)+SUMIF('06'!$D$7:$D$159,$C7,'06'!S$7:S$159)+SUMIF('07'!$D$7:$D$159,$C7,'07'!S$7:S$159)+SUMIF('08'!$D$7:$D$159,$C7,'08'!S$7:S$159) | ... W8: =SUMIF('02'!$D$7:$D$159,$C7,'02'!Y$7:Y$159)+SUMIF('03'!$D$7:$D$159,$C7,'03'!Y$7:Y$159)+SUMIF('04'!$D$7:$D$159,$C7,'04'!Y$7:Y$159)+SUMIF('05'!$D$7:$D$159,$C7,'05'!Y$7:Y$159)+SUMIF('06'!$D$7:$D$159,$C7,'06'!Y$7:Y$159)+SUMIF('07'!$D$7:$D$159,$C7,'07'!Y$7:Y$159)+SUMIF('08'!$D$7:$D$159,$C7,'08'!Y$7:Y$159) | X8: =SUM(J8:W8)
A9: =IF(OR(C9="0",COUNTIF(КлючВесна,C9)>1),0,MATCH(F9,ВидыНагр,0)) | B9: =(COUNTA(D9:F10,J9:W9,H9:I10)=0) | C9: =IF(OR(TRIM(D9)="",COUNTIF(ВидыНагр,F9)<>1),"0",CONCATENATE("$",TRIM(D9),"$",TRIM(E9),"$",F9,"$")) | D9: Математический анализ | E9: 607-41 (ИнфСист-24-1) | F9: совм. | G9: план | K9: 48 | X9: =SUM(J9:W9) | Y9: =X10-X9
A10: =-A9 | B10: =B9 | G10: факт | J10: =SUMIF('02'!$D$7:$D$159,$C9,'02'!L$7:L$159)+SUMIF('03'!$D$7:$D$159,$C9,'03'!L$7:L$159)+SUMIF('04'!$D$7:$D$159,$C9,'04'!L$7:L$159)+SUMIF('05'!$D$7:$D$159,$C9,'05'!L$7:L$159)+SUMIF('06'!$D$7:$D$159,$C9,'06'!L$7:L$159)+SUMIF('07'!$D$7:$D$159,$C9,'07'!L$7:L$159)+SUMIF('08'!$D$7:$D$159,$C9,'08'!L$7:L$159) | K10: =SUMIF('02'!$D$7:$D$159,$C9,'02'!M$7:M$159)+SUMIF('03'!$D$7:$D$159,$C9,'03'!M$7:M$159)+SUMIF('04'!$D$7:$D$159,$C9,'04'!M$7:M$159)+SUMIF('05'!$D$7:$D$159,$C9,'05'!M$7:M$159)+SUMIF('06'!$D$7:$D$159,$C9,'06'!M$7:M$159)+SUMIF('07'!$D$7:$D$159,$C9,'07'!M$7:M$159)+SUMIF('08'!$D$7:$D$159,$C9,'08'!M$7:M$159) | L10: =SUMIF('02'!$D$7:$D$159,$C9,'02'!N$7:N$159)+SUMIF('03'!$D$7:$D$159,$C9,'03'!N$7:N$159)+SUMIF('04'!$D$7:$D$159,$C9,'04'!N$7:N$159)+SUMIF('05'!$D$7:$D$159,$C9,'05'!N$7:N$159)+SUMIF('06'!$D$7:$D$159,$C9,'06'!N$7:N$159)+SUMIF('07'!$D$7:$D$159,$C9,'07'!N$7:N$159)+SUMIF('08'!$D$7:$D$159,$C9,'08'!N$7:N$159) | M10: =SUMIF('02'!$D$7:$D$159,$C9,'02'!O$7:O$159)+SUMIF('03'!$D$7:$D$159,$C9,'03'!O$7:O$159)+SUMIF('04'!$D$7:$D$159,$C9,'04'!O$7:O$159)+SUMIF('05'!$D$7:$D$159,$C9,'05'!O$7:O$159)+SUMIF('06'!$D$7:$D$159,$C9,'06'!O$7:O$159)+SUMIF('07'!$D$7:$D$159,$C9,'07'!O$7:O$159)+SUMIF('08'!$D$7:$D$159,$C9,'08'!O$7:O$159) | N10: =SUMIF('02'!$D$7:$D$159,$C9,'02'!P$7:P$159)+SUMIF('03'!$D$7:$D$159,$C9,'03'!P$7:P$159)+SUMIF('04'!$D$7:$D$159,$C9,'04'!P$7:P$159)+SUMIF('05'!$D$7:$D$159,$C9,'05'!P$7:P$159)+SUMIF('06'!$D$7:$D$159,$C9,'06'!P$7:P$159)+SUMIF('07'!$D$7:$D$159,$C9,'07'!P$7:P$159)+SUMIF('08'!$D$7:$D$159,$C9,'08'!P$7:P$159) | O10: =SUMIF('02'!$D$7:$D$159,$C9,'02'!Q$7:Q$159)+SUMIF('03'!$D$7:$D$159,$C9,'03'!Q$7:Q$159)+SUMIF('04'!$D$7:$D$159,$C9,'04'!Q$7:Q$159)+SUMIF('05'!$D$7:$D$159,$C9,'05'!Q$7:Q$159)+SUMIF('06'!$D$7:$D$159,$C9,'06'!Q$7:Q$159)+SUMIF('07'!$D$7:$D$159,$C9,'07'!Q$7:Q$159)+SUMIF('08'!$D$7:$D$159,$C9,'08'!Q$7:Q$159) | P10: =SUMIF('02'!$D$7:$D$159,$C9,'02'!R$7:R$159)+SUMIF('03'!$D$7:$D$159,$C9,'03'!R$7:R$159)+SUMIF('04'!$D$7:$D$159,$C9,'04'!R$7:R$159)+SUMIF('05'!$D$7:$D$159,$C9,'05'!R$7:R$159)+SUMIF('06'!$D$7:$D$159,$C9,'06'!R$7:R$159)+SUMIF('07'!$D$7:$D$159,$C9,'07'!R$7:R$159)+SUMIF('08'!$D$7:$D$159,$C9,'08'!R$7:R$159) | Q10: =SUMIF('02'!$D$7:$D$159,$C9,'02'!S$7:S$159)+SUMIF('03'!$D$7:$D$159,$C9,'03'!S$7:S$159)+SUMIF('04'!$D$7:$D$159,$C9,'04'!S$7:S$159)+SUMIF('05'!$D$7:$D$159,$C9,'05'!S$7:S$159)+SUMIF('06'!$D$7:$D$159,$C9,'06'!S$7:S$159)+SUMIF('07'!$D$7:$D$159,$C9,'07'!S$7:S$159)+SUMIF('08'!$D$7:$D$159,$C9,'08'!S$7:S$159) | ... W10: =SUMIF('02'!$D$7:$D$159,$C9,'02'!Y$7:Y$159)+SUMIF('03'!$D$7:$D$159,$C9,'03'!Y$7:Y$159)+SUMIF('04'!$D$7:$D$159,$C9,'04'!Y$7:Y$159)+SUMIF('05'!$D$7:$D$159,$C9,'05'!Y$7:Y$159)+SUMIF('06'!$D$7:$D$159,$C9,'06'!Y$7:Y$159)+SUMIF('07'!$D$7:$D$159,$C9,'07'!Y$7:Y$159)+SUMIF('08'!$D$7:$D$159,$C9,'08'!Y$7:Y$159) | X10: =SUM(J10:W10)
A11: =IF(OR(C11="0",COUNTIF(КлючВесна,C11)>1),0,MATCH(F11,ВидыНагр,0)) | B11: =(COUNTA(D11:F12,J11:W11,H11:I12)=0) | C11: =IF(OR(TRIM(D11)="",COUNTIF(ВидыНагр,F11)<>1),"0",CONCATENATE("$",TRIM(D11),"$",TRIM(E11),"$",F11,"$")) | D11: Математический анализ | E11: 606-42 (ИИиЭС-24-1) | F11: совм. | G11: план | K11: 64 | X11: =SUM(J11:W11) | Y11: =X12-X11
A12: =-A11 | B12: =B11 | G12: факт | J12: =SUMIF('02'!$D$7:$D$159,$C11,'02'!L$7:L$159)+SUMIF('03'!$D$7:$D$159,$C11,'03'!L$7:L$159)+SUMIF('04'!$D$7:$D$159,$C11,'04'!L$7:L$159)+SUMIF('05'!$D$7:$D$159,$C11,'05'!L$7:L$159)+SUMIF('06'!$D$7:$D$159,$C11,'06'!L$7:L$159)+SUMIF('07'!$D$7:$D$159,$C11,'07'!L$7:L$159)+SUMIF('08'!$D$7:$D$159,$C11,'08'!L$7:L$159) | K12: =SUMIF('02'!$D$7:$D$159,$C11,'02'!M$7:M$159)+SUMIF('03'!$D$7:$D$159,$C11,'03'!M$7:M$159)+SUMIF('04'!$D$7:$D$159,$C11,'04'!M$7:M$159)+SUMIF('05'!$D$7:$D$159,$C11,'05'!M$7:M$159)+SUMIF('06'!$D$7:$D$159,$C11,'06'!M$7:M$159)+SUMIF('07'!$D$7:$D$159,$C11,'07'!M$7:M$159)+SUMIF('08'!$D$7:$D$159,$C11,'08'!M$7:M$159) | L12: =SUMIF('02'!$D$7:$D$159,$C11,'02'!N$7:N$159)+SUMIF('03'!$D$7:$D$159,$C11,'03'!N$7:N$159)+SUMIF('04'!$D$7:$D$159,$C11,'04'!N$7:N$159)+SUMIF('05'!$D$7:$D$159,$C11,'05'!N$7:N$159)+SUMIF('06'!$D$7:$D$159,$C11,'06'!N$7:N$159)+SUMIF('07'!$D$7:$D$159,$C11,'07'!N$7:N$159)+SUMIF('08'!$D$7:$D$159,$C11,'08'!N$7:N$159) | M12: =SUMIF('02'!$D$7:$D$159,$C11,'02'!O$7:O$159)+SUMIF('03'!$D$7:$D$159,$C11,'03'!O$7:O$159)+SUMIF('04'!$D$7:$D$159,$C11,'04'!O$7:O$159)+SUMIF('05'!$D$7:$D$159,$C11,'05'!O$7:O$159)+SUMIF('06'!$D$7:$D$159,$C11,'06'!O$7:O$159)+SUMIF('07'!$D$7:$D$159,$C11,'07'!O$7:O$159)+SUMIF('08'!$D$7:$D$159,$C11,'08'!O$7:O$159) | N12: =SUMIF('02'!$D$7:$D$159,$C11,'02'!P$7:P$159)+SUMIF('03'!$D$7:$D$159,$C11,'03'!P$7:P$159)+SUMIF('04'!$D$7:$D$159,$C11,'04'!P$7:P$159)+SUMIF('05'!$D$7:$D$159,$C11,'05'!P$7:P$159)+SUMIF('06'!$D$7:$D$159,$C11,'06'!P$7:P$159)+SUMIF('07'!$D$7:$D$159,$C11,'07'!P$7:P$159)+SUMIF('08'!$D$7:$D$159,$C11,'08'!P$7:P$159) | O12: =SUMIF('02'!$D$7:$D$159,$C11,'02'!Q$7:Q$159)+SUMIF('03'!$D$7:$D$159,$C11,'03'!Q$7:Q$159)+SUMIF('04'!$D$7:$D$159,$C11,'04'!Q$7:Q$159)+SUMIF('05'!$D$7:$D$159,$C11,'05'!Q$7:Q$159)+SUMIF('06'!$D$7:$D$159,$C11,'06'!Q$7:Q$159)+SUMIF('07'!$D$7:$D$159,$C11,'07'!Q$7:Q$159)+SUMIF('08'!$D$7:$D$159,$C11,'08'!Q$7:Q$159) | P12: =SUMIF('02'!$D$7:$D$159,$C11,'02'!R$7:R$159)+SUMIF('03'!$D$7:$D$159,$C11,'03'!R$7:R$159)+SUMIF('04'!$D$7:$D$159,$C11,'04'!R$7:R$159)+SUMIF('05'!$D$7:$D$159,$C11,'05'!R$7:R$159)+SUMIF('06'!$D$7:$D$159,$C11,'06'!R$7:R$159)+SUMIF('07'!$D$7:$D$159,$C11,'07'!R$7:R$159)+SUMIF('08'!$D$7:$D$159,$C11,'08'!R$7:R$159) | Q12: =SUMIF('02'!$D$7:$D$159,$C11,'02'!S$7:S$159)+SUMIF('03'!$D$7:$D$159,$C11,'03'!S$7:S$159)+SUMIF('04'!$D$7:$D$159,$C11,'04'!S$7:S$159)+SUMIF('05'!$D$7:$D$159,$C11,'05'!S$7:S$159)+SUMIF('06'!$D$7:$D$159,$C11,'06'!S$7:S$159)+SUMIF('07'!$D$7:$D$159,$C11,'07'!S$7:S$159)+SUMIF('08'!$D$7:$D$159,$C11,'08'!S$7:S$159) | ... W12: =SUMIF('02'!$D$7:$D$159,$C11,'02'!Y$7:Y$159)+SUMIF('03'!$D$7:$D$159,$C11,'03'!Y$7:Y$159)+SUMIF('04'!$D$7:$D$159,$C11,'04'!Y$7:Y$159)+SUMIF('05'!$D$7:$D$159,$C11,'05'!Y$7:Y$159)+SUMIF('06'!$D$7:$D$159,$C11,'06'!Y$7:Y$159)+SUMIF('07'!$D$7:$D$159,$C11,'07'!Y$7:Y$159)+SUMIF('08'!$D$7:$D$159,$C11,'08'!Y$7:Y$159) | X12: =SUM(J12:W12)
A13: =IF(OR(C13="0",COUNTIF(КлючВесна,C13)>1),0,MATCH(F13,ВидыНагр,0)) | B13: =(COUNTA(D13:F14,J13:W13,H13:I14)=0) | C13: =IF(OR(TRIM(D13)="",COUNTIF(ВидыНагр,F13)<>1),"0",CONCATENATE("$",TRIM(D13),"$",TRIM(E13),"$",F13,"$")) | D13: Математический анализ | E13: 606-41 (АСОИУ-24-1) | F13: совм. | G13: план | K13: 64 | X13: =SUM(J13:W13) | Y13: =X14-X13
A14: =-A13 | B14: =B13 | G14: факт | J14: =SUMIF('02'!$D$7:$D$159,$C13,'02'!L$7:L$159)+SUMIF('03'!$D$7:$D$159,$C13,'03'!L$7:L$159)+SUMIF('04'!$D$7:$D$159,$C13,'04'!L$7:L$159)+SUMIF('05'!$D$7:$D$159,$C13,'05'!L$7:L$159)+SUMIF('06'!$D$7:$D$159,$C13,'06'!L$7:L$159)+SUMIF('07'!$D$7:$D$159,$C13,'07'!L$7:L$159)+SUMIF('08'!$D$7:$D$159,$C13,'08'!L$7:L$159) | K14: =SUMIF('02'!$D$7:$D$159,$C13,'02'!M$7:M$159)+SUMIF('03'!$D$7:$D$159,$C13,'03'!M$7:M$159)+SUMIF('04'!$D$7:$D$159,$C13,'04'!M$7:M$159)+SUMIF('05'!$D$7:$D$159,$C13,'05'!M$7:M$159)+SUMIF('06'!$D$7:$D$159,$C13,'06'!M$7:M$159)+SUMIF('07'!$D$7:$D$159,$C13,'07'!M$7:M$159)+SUMIF('08'!$D$7:$D$159,$C13,'08'!M$7:M$159) | L14: =SUMIF('02'!$D$7:$D$159,$C13,'02'!N$7:N$159)+SUMIF('03'!$D$7:$D$159,$C13,'03'!N$7:N$159)+SUMIF('04'!$D$7:$D$159,$C13,'04'!N$7:N$159)+SUMIF('05'!$D$7:$D$159,$C13,'05'!N$7:N$159)+SUMIF('06'!$D$7:$D$159,$C13,'06'!N$7:N$159)+SUMIF('07'!$D$7:$D$159,$C13,'07'!N$7:N$159)+SUMIF('08'!$D$7:$D$159,$C13,'08'!N$7:N$159) | M14: =SUMIF('02'!$D$7:$D$159,$C13,'02'!O$7:O$159)+SUMIF('03'!$D$7:$D$159,$C13,'03'!O$7:O$159)+SUMIF('04'!$D$7:$D$159,$C13,'04'!O$7:O$159)+SUMIF('05'!$D$7:$D$159,$C13,'05'!O$7:O$159)+SUMIF('06'!$D$7:$D$159,$C13,'06'!O$7:O$159)+SUMIF('07'!$D$7:$D$159,$C13,'07'!O$7:O$159)+SUMIF('08'!$D$7:$D$159,$C13,'08'!O$7:O$159) | N14: =SUMIF('02'!$D$7:$D$159,$C13,'02'!P$7:P$159)+SUMIF('03'!$D$7:$D$159,$C13,'03'!P$7:P$159)+SUMIF('04'!$D$7:$D$159,$C13,'04'!P$7:P$159)+SUMIF('05'!$D$7:$D$159,$C13,'05'!P$7:P$159)+SUMIF('06'!$D$7:$D$159,$C13,'06'!P$7:P$159)+SUMIF('07'!$D$7:$D$159,$C13,'07'!P$7:P$159)+SUMIF('08'!$D$7:$D$159,$C13,'08'!P$7:P$159) | O14: =SUMIF('02'!$D$7:$D$159,$C13,'02'!Q$7:Q$159)+SUMIF('03'!$D$7:$D$159,$C13,'03'!Q$7:Q$159)+SUMIF('04'!$D$7:$D$159,$C13,'04'!Q$7:Q$159)+SUMIF('05'!$D$7:$D$159,$C13,'05'!Q$7:Q$159)+SUMIF('06'!$D$7:$D$159,$C13,'06'!Q$7:Q$159)+SUMIF('07'!$D$7:$D$159,$C13,'07'!Q$7:Q$159)+SUMIF('08'!$D$7:$D$159,$C13,'08'!Q$7:Q$159) | P14: =SUMIF('02'!$D$7:$D$159,$C13,'02'!R$7:R$159)+SUMIF('03'!$D$7:$D$159,$C13,'03'!R$7:R$159)+SUMIF('04'!$D$7:$D$159,$C13,'04'!R$7:R$159)+SUMIF('05'!$D$7:$D$159,$C13,'05'!R$7:R$159)+SUMIF('06'!$D$7:$D$159,$C13,'06'!R$7:R$159)+SUMIF('07'!$D$7:$D$159,$C13,'07'!R$7:R$159)+SUMIF('08'!$D$7:$D$159,$C13,'08'!R$7:R$159) | Q14: =SUMIF('02'!$D$7:$D$159,$C13,'02'!S$7:S$159)+SUMIF('03'!$D$7:$D$159,$C13,'03'!S$7:S$159)+SUMIF('04'!$D$7:$D$159,$C13,'04'!S$7:S$159)+SUMIF('05'!$D$7:$D$159,$C13,'05'!S$7:S$159)+SUMIF('06'!$D$7:$D$159,$C13,'06'!S$7:S$159)+SUMIF('07'!$D$7:$D$159,$C13,'07'!S$7:S$159)+SUMIF('08'!$D$7:$D$159,$C13,'08'!S$7:S$159) | ... W14: =SUMIF('02'!$D$7:$D$159,$C13,'02'!Y$7:Y$159)+SUMIF('03'!$D$7:$D$159,$C13,'03'!Y$7:Y$159)+SUMIF('04'!$D$7:$D$159,$C13,'04'!Y$7:Y$159)+SUMIF('05'!$D$7:$D$159,$C13,'05'!Y$7:Y$159)+SUMIF('06'!$D$7:$D$159,$C13,'06'!Y$7:Y$159)+SUMIF('07'!$D$7:$D$159,$C13,'07'!Y$7:Y$159)+SUMIF('08'!$D$7:$D$159,$C13,'08'!Y$7:Y$159) | X14: =SUM(J14:W14)
A15: =IF(OR(C15="0",COUNTIF(КлючВесна,C15)>1),0,MATCH(F15,ВидыНагр,0)) | B15: =(COUNTA(D15:F16,J15:W15,H15:I16)=0) | C15: =IF(OR(TRIM(D15)="",COUNTIF(ВидыНагр,F15)<>1),"0",CONCATENATE("$",TRIM(D15),"$",TRIM(E15),"$",F15,"$")) | G15: план | X15: =SUM(J15:W15) | Y15: =X16-X15
A16: =-A15 | B16: =B15 | G16: факт | J16: =SUMIF('02'!$D$7:$D$159,$C15,'02'!L$7:L$159)+SUMIF('03'!$D$7:$D$159,$C15,'03'!L$7:L$159)+SUMIF('04'!$D$7:$D$159,$C15,'04'!L$7:L$159)+SUMIF('05'!$D$7:$D$159,$C15,'05'!L$7:L$159)+SUMIF('06'!$D$7:$D$159,$C15,'06'!L$7:L$159)+SUMIF('07'!$D$7:$D$159,$C15,'07'!L$7:L$159)+SUMIF('08'!$D$7:$D$159,$C15,'08'!L$7:L$159) | K16: =SUMIF('02'!$D$7:$D$159,$C15,'02'!M$7:M$159)+SUMIF('03'!$D$7:$D$159,$C15,'03'!M$7:M$159)+SUMIF('04'!$D$7:$D$159,$C15,'04'!M$7:M$159)+SUMIF('05'!$D$7:$D$159,$C15,'05'!M$7:M$159)+SUMIF('06'!$D$7:$D$159,$C15,'06'!M$7:M$159)+SUMIF('07'!$D$7:$D$159,$C15,'07'!M$7:M$159)+SUMIF('08'!$D$7:$D$159,$C15,'08'!M$7:M$159) | L16: =SUMIF('02'!$D$7:$D$159,$C15,'02'!N$7:N$159)+SUMIF('03'!$D$7:$D$159,$C15,'03'!N$7:N$159)+SUMIF('04'!$D$7:$D$159,$C15,'04'!N$7:N$159)+SUMIF('05'!$D$7:$D$159,$C15,'05'!N$7:N$159)+SUMIF('06'!$D$7:$D$159,$C15,'06'!N$7:N$159)+SUMIF('07'!$D$7:$D$159,$C15,'07'!N$7:N$159)+SUMIF('08'!$D$7:$D$159,$C15,'08'!N$7:N$159) | M16: =SUMIF('02'!$D$7:$D$159,$C15,'02'!O$7:O$159)+SUMIF('03'!$D$7:$D$159,$C15,'03'!O$7:O$159)+SUMIF('04'!$D$7:$D$159,$C15,'04'!O$7:O$159)+SUMIF('05'!$D$7:$D$159,$C15,'05'!O$7:O$159)+SUMIF('06'!$D$7:$D$159,$C15,'06'!O$7:O$159)+SUMIF('07'!$D$7:$D$159,$C15,'07'!O$7:O$159)+SUMIF('08'!$D$7:$D$159,$C15,'08'!O$7:O$159) | N16: =SUMIF('02'!$D$7:$D$159,$C15,'02'!P$7:P$159)+SUMIF('03'!$D$7:$D$159,$C15,'03'!P$7:P$159)+SUMIF('04'!$D$7:$D$159,$C15,'04'!P$7:P$159)+SUMIF('05'!$D$7:$D$159,$C15,'05'!P$7:P$159)+SUMIF('06'!$D$7:$D$159,$C15,'06'!P$7:P$159)+SUMIF('07'!$D$7:$D$159,$C15,'07'!P$7:P$159)+SUMIF('08'!$D$7:$D$159,$C15,'08'!P$7:P$159) | O16: =SUMIF('02'!$D$7:$D$159,$C15,'02'!Q$7:Q$159)+SUMIF('03'!$D$7:$D$159,$C15,'03'!Q$7:Q$159)+SUMIF('04'!$D$7:$D$159,$C15,'04'!Q$7:Q$159)+SUMIF('05'!$D$7:$D$159,$C15,'05'!Q$7:Q$159)+SUMIF('06'!$D$7:$D$159,$C15,'06'!Q$7:Q$159)+SUMIF('07'!$D$7:$D$159,$C15,'07'!Q$7:Q$159)+SUMIF('08'!$D$7:$D$159,$C15,'08'!Q$7:Q$159) | P16: =SUMIF('02'!$D$7:$D$159,$C15,'02'!R$7:R$159)+SUMIF('03'!$D$7:$D$159,$C15,'03'!R$7:R$159)+SUMIF('04'!$D$7:$D$159,$C15,'04'!R$7:R$159)+SUMIF('05'!$D$7:$D$159,$C15,'05'!R$7:R$159)+SUMIF('06'!$D$7:$D$159,$C15,'06'!R$7:R$159)+SUMIF('07'!$D$7:$D$159,$C15,'07'!R$7:R$159)+SUMIF('08'!$D$7:$D$159,$C15,'08'!R$7:R$159) | Q16: =SUMIF('02'!$D$7:$D$159,$C15,'02'!S$7:S$159)+SUMIF('03'!$D$7:$D$159,$C15,'03'!S$7:S$159)+SUMIF('04'!$D$7:$D$159,$C15,'04'!S$7:S$159)+SUMIF('05'!$D$7:$D$159,$C15,'05'!S$7:S$159)+SUMIF('06'!$D$7:$D$159,$C15,'06'!S$7:S$159)+SUMIF('07'!$D$7:$D$159,$C15,'07'!S$7:S$159)+SUMIF('08'!$D$7:$D$159,$C15,'08'!S$7:S$159) | ... W16: =SUMIF('02'!$D$7:$D$159,$C15,'02'!Y$7:Y$159)+SUMIF('03'!$D$7:$D$159,$C15,'03'!Y$7:Y$159)+SUMIF('04'!$D$7:$D$159,$C15,'04'!Y$7:Y$159)+SUMIF('05'!$D$7:$D$159,$C15,'05'!Y$7:Y$159)+SUMIF('06'!$D$7:$D$159,$C15,'06'!Y$7:Y$159)+SUMIF('07'!$D$7:$D$159,$C15,'07'!Y$7:Y$159)+SUMIF('08'!$D$7:$D$159,$C15,'08'!Y$7:Y$159) | X16: =SUM(J16:W16)
A17: =IF(OR(C17="0",COUNTIF(КлючВесна,C17)>1),0,MATCH(F17,ВидыНагр,0)) | B17: =(COUNTA(D17:F18,J17:W17,H17:I18)=0) | C17: =IF(OR(TRIM(D17)="",COUNTIF(ВидыНагр,F17)<>1),"0",CONCATENATE("$",TRIM(D17),"$",TRIM(E17),"$",F17,"$")) | G17: план | X17: =SUM(J17:W17) | Y17: =X18-X17
A18: =-A17 | B18: =B17 | G18: факт | J18: =SUMIF('02'!$D$7:$D$159,$C17,'02'!L$7:L$159)+SUMIF('03'!$D$7:$D$159,$C17,'03'!L$7:L$159)+SUMIF('04'!$D$7:$D$159,$C17,'04'!L$7:L$159)+SUMIF('05'!$D$7:$D$159,$C17,'05'!L$7:L$159)+SUMIF('06'!$D$7:$D$159,$C17,'06'!L$7:L$159)+SUMIF('07'!$D$7:$D$159,$C17,'07'!L$7:L$159)+SUMIF('08'!$D$7:$D$159,$C17,'08'!L$7:L$159) | K18: =SUMIF('02'!$D$7:$D$159,$C17,'02'!M$7:M$159)+SUMIF('03'!$D$7:$D$159,$C17,'03'!M$7:M$159)+SUMIF('04'!$D$7:$D$159,$C17,'04'!M$7:M$159)+SUMIF('05'!$D$7:$D$159,$C17,'05'!M$7:M$159)+SUMIF('06'!$D$7:$D$159,$C17,'06'!M$7:M$159)+SUMIF('07'!$D$7:$D$159,$C17,'07'!M$7:M$159)+SUMIF('08'!$D$7:$D$159,$C17,'08'!M$7:M$159) | L18: =SUMIF('02'!$D$7:$D$159,$C17,'02'!N$7:N$159)+SUMIF('03'!$D$7:$D$159,$C17,'03'!N$7:N$159)+SUMIF('04'!$D$7:$D$159,$C17,'04'!N$7:N$159)+SUMIF('05'!$D$7:$D$159,$C17,'05'!N$7:N$159)+SUMIF('06'!$D$7:$D$159,$C17,'06'!N$7:N$159)+SUMIF('07'!$D$7:$D$159,$C17,'07'!N$7:N$159)+SUMIF('08'!$D$7:$D$159,$C17,'08'!N$7:N$159) | M18: =SUMIF('02'!$D$7:$D$159,$C17,'02'!O$7:O$159)+SUMIF('03'!$D$7:$D$159,$C17,'03'!O$7:O$159)+SUMIF('04'!$D$7:$D$159,$C17,'04'!O$7:O$159)+SUMIF('05'!$D$7:$D$159,$C17,'05'!O$7:O$159)+SUMIF('06'!$D$7:$D$159,$C17,'06'!O$7:O$159)+SUMIF('07'!$D$7:$D$159,$C17,'07'!O$7:O$159)+SUMIF('08'!$D$7:$D$159,$C17,'08'!O$7:O$159) | N18: =SUMIF('02'!$D$7:$D$159,$C17,'02'!P$7:P$159)+SUMIF('03'!$D$7:$D$159,$C17,'03'!P$7:P$159)+SUMIF('04'!$D$7:$D$159,$C17,'04'!P$7:P$159)+SUMIF('05'!$D$7:$D$159,$C17,'05'!P$7:P$159)+SUMIF('06'!$D$7:$D$159,$C17,'06'!P$7:P$159)+SUMIF('07'!$D$7:$D$159,$C17,'07'!P$7:P$159)+SUMIF('08'!$D$7:$D$159,$C17,'08'!P$7:P$159) | O18: =SUMIF('02'!$D$7:$D$159,$C17,'02'!Q$7:Q$159)+SUMIF('03'!$D$7:$D$159,$C17,'03'!Q$7:Q$159)+SUMIF('04'!$D$7:$D$159,$C17,'04'!Q$7:Q$159)+SUMIF('05'!$D$7:$D$159,$C17,'05'!Q$7:Q$159)+SUMIF('06'!$D$7:$D$159,$C17,'06'!Q$7:Q$159)+SUMIF('07'!$D$7:$D$159,$C17,'07'!Q$7:Q$159)+SUMIF('08'!$D$7:$D$159,$C17,'08'!Q$7:Q$159) | P18: =SUMIF('02'!$D$7:$D$159,$C17,'02'!R$7:R$159)+SUMIF('03'!$D$7:$D$159,$C17,'03'!R$7:R$159)+SUMIF('04'!$D$7:$D$159,$C17,'04'!R$7:R$159)+SUMIF('05'!$D$7:$D$159,$C17,'05'!R$7:R$159)+SUMIF('06'!$D$7:$D$159,$C17,'06'!R$7:R$159)+SUMIF('07'!$D$7:$D$159,$C17,'07'!R$7:R$159)+SUMIF('08'!$D$7:$D$159,$C17,'08'!R$7:R$159) | Q18: =SUMIF('02'!$D$7:$D$159,$C17,'02'!S$7:S$159)+SUMIF('03'!$D$7:$D$159,$C17,'03'!S$7:S$159)+SUMIF('04'!$D$7:$D$159,$C17,'04'!S$7:S$159)+SUMIF('05'!$D$7:$D$159,$C17,'05'!S$7:S$159)+SUMIF('06'!$D$7:$D$159,$C17,'06'!S$7:S$159)+SUMIF('07'!$D$7:$D$159,$C17,'07'!S$7:S$159)+SUMIF('08'!$D$7:$D$159,$C17,'08'!S$7:S$159) | ... W18: =SUMIF('02'!$D$7:$D$159,$C17,'02'!Y$7:Y$159)+SUMIF('03'!$D$7:$D$159,$C17,'03'!Y$7:Y$159)+SUMIF('04'!$D$7:$D$159,$C17,'04'!Y$7:Y$159)+SUMIF('05'!$D$7:$D$159,$C17,'05'!Y$7:Y$159)+SUMIF('06'!$D$7:$D$159,$C17,'06'!Y$7:Y$159)+SUMIF('07'!$D$7:$D$159,$C17,'07'!Y$7:Y$159)+SUMIF('08'!$D$7:$D$159,$C17,'08'!Y$7:Y$159) | X18: =SUM(J18:W18)
A19: =IF(OR(C19="0",COUNTIF(КлючВесна,C19)>1),0,MATCH(F19,ВидыНагр,0)) | B19: =(COUNTA(D19:F20,J19:W19,H19:I20)=0) | C19: =IF(OR(TRIM(D19)="",COUNTIF(ВидыНагр,F19)<>1),"0",CONCATENATE("$",TRIM(D19),"$",TRIM(E19),"$",F19,"$")) | G19: план | X19: =SUM(J19:W19) | Y19: =X20-X19
A20: =-A19 | B20: =B19 | G20: факт | J20: =SUMIF('02'!$D$7:$D$159,$C19,'02'!L$7:L$159)+SUMIF('03'!$D$7:$D$159,$C19,'03'!L$7:L$159)+SUMIF('04'!$D$7:$D$159,$C19,'04'!L$7:L$159)+SUMIF('05'!$D$7:$D$159,$C19,'05'!L$7:L$159)+SUMIF('06'!$D$7:$D$159,$C19,'06'!L$7:L$159)+SUMIF('07'!$D$7:$D$159,$C19,'07'!L$7:L$159)+SUMIF('08'!$D$7:$D$159,$C19,'08'!L$7:L$159) | K20: =SUMIF('02'!$D$7:$D$159,$C19,'02'!M$7:M$159)+SUMIF('03'!$D$7:$D$159,$C19,'03'!M$7:M$159)+SUMIF('04'!$D$7:$D$159,$C19,'04'!M$7:M$159)+SUMIF('05'!$D$7:$D$159,$C19,'05'!M$7:M$159)+SUMIF('06'!$D$7:$D$159,$C19,'06'!M$7:M$159)+SUMIF('07'!$D$7:$D$159,$C19,'07'!M$7:M$159)+SUMIF('08'!$D$7:$D$159,$C19,'08'!M$7:M$159) | L20: =SUMIF('02'!$D$7:$D$159,$C19,'02'!N$7:N$159)+SUMIF('03'!$D$7:$D$159,$C19,'03'!N$7:N$159)+SUMIF('04'!$D$7:$D$159,$C19,'04'!N$7:N$159)+SUMIF('05'!$D$7:$D$159,$C19,'05'!N$7:N$159)+SUMIF('06'!$D$7:$D$159,$C19,'06'!N$7:N$159)+SUMIF('07'!$D$7:$D$159,$C19,'07'!N$7:N$159)+SUMIF('08'!$D$7:$D$159,$C19,'08'!N$7:N$159) | M20: =SUMIF('02'!$D$7:$D$159,$C19,'02'!O$7:O$159)+SUMIF('03'!$D$7:$D$159,$C19,'03'!O$7:O$159)+SUMIF('04'!$D$7:$D$159,$C19,'04'!O$7:O$159)+SUMIF('05'!$D$7:$D$159,$C19,'05'!O$7:O$159)+SUMIF('06'!$D$7:$D$159,$C19,'06'!O$7:O$159)+SUMIF('07'!$D$7:$D$159,$C19,'07'!O$7:O$159)+SUMIF('08'!$D$7:$D$159,$C19,'08'!O$7:O$159) | N20: =SUMIF('02'!$D$7:$D$159,$C19,'02'!P$7:P$159)+SUMIF('03'!$D$7:$D$159,$C19,'03'!P$7:P$159)+SUMIF('04'!$D$7:$D$159,$C19,'04'!P$7:P$159)+SUMIF('05'!$D$7:$D$159,$C19,'05'!P$7:P$159)+SUMIF('06'!$D$7:$D$159,$C19,'06'!P$7:P$159)+SUMIF('07'!$D$7:$D$159,$C19,'07'!P$7:P$159)+SUMIF('08'!$D$7:$D$159,$C19,'08'!P$7:P$159) | O20: =SUMIF('02'!$D$7:$D$159,$C19,'02'!Q$7:Q$159)+SUMIF('03'!$D$7:$D$159,$C19,'03'!Q$7:Q$159)+SUMIF('04'!$D$7:$D$159,$C19,'04'!Q$7:Q$159)+SUMIF('05'!$D$7:$D$159,$C19,'05'!Q$7:Q$159)+SUMIF('06'!$D$7:$D$159,$C19,'06'!Q$7:Q$159)+SUMIF('07'!$D$7:$D$159,$C19,'07'!Q$7:Q$159)+SUMIF('08'!$D$7:$D$159,$C19,'08'!Q$7:Q$159) | P20: =SUMIF('02'!$D$7:$D$159,$C19,'02'!R$7:R$159)+SUMIF('03'!$D$7:$D$159,$C19,'03'!R$7:R$159)+SUMIF('04'!$D$7:$D$159,$C19,'04'!R$7:R$159)+SUMIF('05'!$D$7:$D$159,$C19,'05'!R$7:R$159)+SUMIF('06'!$D$7:$D$159,$C19,'06'!R$7:R$159)+SUMIF('07'!$D$7:$D$159,$C19,'07'!R$7:R$159)+SUMIF('08'!$D$7:$D$159,$C19,'08'!R$7:R$159) | Q20: =SUMIF('02'!$D$7:$D$159,$C19,'02'!S$7:S$159)+SUMIF('03'!$D$7:$D$159,$C19,'03'!S$7:S$159)+SUMIF('04'!$D$7:$D$159,$C19,'04'!S$7:S$159)+SUMIF('05'!$D$7:$D$159,$C19,'05'!S$7:S$159)+SUMIF('06'!$D$7:$D$159,$C19,'06'!S$7:S$159)+SUMIF('07'!$D$7:$D$159,$C19,'07'!S$7:S$159)+SUMIF('08'!$D$7:$D$159,$C19,'08'!S$7:S$159) | ... W20: =SUMIF('02'!$D$7:$D$159,$C19,'02'!Y$7:Y$159)+SUMIF('03'!$D$7:$D$159,$C19,'03'!Y$7:Y$159)+SUMIF('04'!$D$7:$D$159,$C19,'04'!Y$7:Y$159)+SUMIF('05'!$D$7:$D$159,$C19,'05'!Y$7:Y$159)+SUMIF('06'!$D$7:$D$159,$C19,'06'!Y$7:Y$159)+SUMIF('07'!$D$7:$D$159,$C19,'07'!Y$7:Y$159)+SUMIF('08'!$D$7:$D$159,$C19,'08'!Y$7:Y$159) | X20: =SUM(J20:W20)
A21: =IF(OR(C21="0",COUNTIF(КлючВесна,C21)>1),0,MATCH(F21,ВидыНагр,0)) | B21: =(COUNTA(D21:F22,J21:W21,H21:I22)=0) | C21: =IF(OR(TRIM(D21)="",COUNTIF(ВидыНагр,F21)<>1),"0",CONCATENATE("$",TRIM(D21),"$",TRIM(E21),"$",F21,"$")) | G21: план | X21: =SUM(J21:W21) | Y21: =X22-X21
A22: =-A21 | B22: =B21 | G22: факт | J22: =SUMIF('02'!$D$7:$D$159,$C21,'02'!L$7:L$159)+SUMIF('03'!$D$7:$D$159,$C21,'03'!L$7:L$159)+SUMIF('04'!$D$7:$D$159,$C21,'04'!L$7:L$159)+SUMIF('05'!$D$7:$D$159,$C21,'05'!L$7:L$159)+SUMIF('06'!$D$7:$D$159,$C21,'06'!L$7:L$159)+SUMIF('07'!$D$7:$D$159,$C21,'07'!L$7:L$159)+SUMIF('08'!$D$7:$D$159,$C21,'08'!L$7:L$159) | K22: =SUMIF('02'!$D$7:$D$159,$C21,'02'!M$7:M$159)+SUMIF('03'!$D$7:$D$159,$C21,'03'!M$7:M$159)+SUMIF('04'!$D$7:$D$159,$C21,'04'!M$7:M$159)+SUMIF('05'!$D$7:$D$159,$C21,'05'!M$7:M$159)+SUMIF('06'!$D$7:$D$159,$C21,'06'!M$7:M$159)+SUMIF('07'!$D$7:$D$159,$C21,'07'!M$7:M$159)+SUMIF('08'!$D$7:$D$159,$C21,'08'!M$7:M$159) | L22: =SUMIF('02'!$D$7:$D$159,$C21,'02'!N$7:N$159)+SUMIF('03'!$D$7:$D$159,$C21,'03'!N$7:N$159)+SUMIF('04'!$D$7:$D$159,$C21,'04'!N$7:N$159)+SUMIF('05'!$D$7:$D$159,$C21,'05'!N$7:N$159)+SUMIF('06'!$D$7:$D$159,$C21,'06'!N$7:N$159)+SUMIF('07'!$D$7:$D$159,$C21,'07'!N$7:N$159)+SUMIF('08'!$D$7:$D$159,$C21,'08'!N$7:N$159) | M22: =SUMIF('02'!$D$7:$D$159,$C21,'02'!O$7:O$159)+SUMIF('03'!$D$7:$D$159,$C21,'03'!O$7:O$159)+SUMIF('04'!$D$7:$D$159,$C21,'04'!O$7:O$159)+SUMIF('05'!$D$7:$D$159,$C21,'05'!O$7:O$159)+SUMIF('06'!$D$7:$D$159,$C21,'06'!O$7:O$159)+SUMIF('07'!$D$7:$D$159,$C21,'07'!O$7:O$159)+SUMIF('08'!$D$7:$D$159,$C21,'08'!O$7:O$159) | N22: =SUMIF('02'!$D$7:$D$159,$C21,'02'!P$7:P$159)+SUMIF('03'!$D$7:$D$159,$C21,'03'!P$7:P$159)+SUMIF('04'!$D$7:$D$159,$C21,'04'!P$7:P$159)+SUMIF('05'!$D$7:$D$159,$C21,'05'!P$7:P$159)+SUMIF('06'!$D$7:$D$159,$C21,'06'!P$7:P$159)+SUMIF('07'!$D$7:$D$159,$C21,'07'!P$7:P$159)+SUMIF('08'!$D$7:$D$159,$C21,'08'!P$7:P$159) | O22: =SUMIF('02'!$D$7:$D$159,$C21,'02'!Q$7:Q$159)+SUMIF('03'!$D$7:$D$159,$C21,'03'!Q$7:Q$159)+SUMIF('04'!$D$7:$D$159,$C21,'04'!Q$7:Q$159)+SUMIF('05'!$D$7:$D$159,$C21,'05'!Q$7:Q$159)+SUMIF('06'!$D$7:$D$159,$C21,'06'!Q$7:Q$159)+SUMIF('07'!$D$7:$D$159,$C21,'07'!Q$7:Q$159)+SUMIF('08'!$D$7:$D$159,$C21,'08'!Q$7:Q$159) | P22: =SUMIF('02'!$D$7:$D$159,$C21,'02'!R$7:R$159)+SUMIF('03'!$D$7:$D$159,$C21,'03'!R$7:R$159)+SUMIF('04'!$D$7:$D$159,$C21,'04'!R$7:R$159)+SUMIF('05'!$D$7:$D$159,$C21,'05'!R$7:R$159)+SUMIF('06'!$D$7:$D$159,$C21,'06'!R$7:R$159)+SUMIF('07'!$D$7:$D$159,$C21,'07'!R$7:R$159)+SUMIF('08'!$D$7:$D$159,$C21,'08'!R$7:R$159) | Q22: =SUMIF('02'!$D$7:$D$159,$C21,'02'!S$7:S$159)+SUMIF('03'!$D$7:$D$159,$C21,'03'!S$7:S$159)+SUMIF('04'!$D$7:$D$159,$C21,'04'!S$7:S$159)+SUMIF('05'!$D$7:$D$159,$C21,'05'!S$7:S$159)+SUMIF('06'!$D$7:$D$159,$C21,'06'!S$7:S$159)+SUMIF('07'!$D$7:$D$159,$C21,'07'!S$7:S$159)+SUMIF('08'!$D$7:$D$159,$C21,'08'!S$7:S$159) | ... W22: =SUMIF('02'!$D$7:$D$159,$C21,'02'!Y$7:Y$159)+SUMIF('03'!$D$7:$D$159,$C21,'03'!Y$7:Y$159)+SUMIF('04'!$D$7:$D$159,$C21,'04'!Y$7:Y$159)+SUMIF('05'!$D$7:$D$159,$C21,'05'!Y$7:Y$159)+SUMIF('06'!$D$7:$D$159,$C21,'06'!Y$7:Y$159)+SUMIF('07'!$D$7:$D$159,$C21,'07'!Y$7:Y$159)+SUMIF('08'!$D$7:$D$159,$C21,'08'!Y$7:Y$159) | X22: =SUM(J22:W22)
A23: =IF(OR(C23="0",COUNTIF(КлючВесна,C23)>1),0,MATCH(F23,ВидыНагр,0)) | B23: =(COUNTA(D23:F24,J23:W23,H23:I24)=0) | C23: =IF(OR(TRIM(D23)="",COUNTIF(ВидыНагр,F23)<>1),"0",CONCATENATE("$",TRIM(D23),"$",TRIM(E23),"$",F23,"$")) | G23: план | X23: =SUM(J23:W23) | Y23: =X24-X23
A24: =-A23 | B24: =B23 | G24: факт | J24: =SUMIF('02'!$D$7:$D$159,$C23,'02'!L$7:L$159)+SUMIF('03'!$D$7:$D$159,$C23,'03'!L$7:L$159)+SUMIF('04'!$D$7:$D$159,$C23,'04'!L$7:L$159)+SUMIF('05'!$D$7:$D$159,$C23,'05'!L$7:L$159)+SUMIF('06'!$D$7:$D$159,$C23,'06'!L$7:L$159)+SUMIF('07'!$D$7:$D$159,$C23,'07'!L$7:L$159)+SUMIF('08'!$D$7:$D$159,$C23,'08'!L$7:L$159) | K24: =SUMIF('02'!$D$7:$D$159,$C23,'02'!M$7:M$159)+SUMIF('03'!$D$7:$D$159,$C23,'03'!M$7:M$159)+SUMIF('04'!$D$7:$D$159,$C23,'04'!M$7:M$159)+SUMIF('05'!$D$7:$D$159,$C23,'05'!M$7:M$159)+SUMIF('06'!$D$7:$D$159,$C23,'06'!M$7:M$159)+SUMIF('07'!$D$7:$D$159,$C23,'07'!M$7:M$159)+SUMIF('08'!$D$7:$D$159,$C23,'08'!M$7:M$159) | L24: =SUMIF('02'!$D$7:$D$159,$C23,'02'!N$7:N$159)+SUMIF('03'!$D$7:$D$159,$C23,'03'!N$7:N$159)+SUMIF('04'!$D$7:$D$159,$C23,'04'!N$7:N$159)+SUMIF('05'!$D$7:$D$159,$C23,'05'!N$7:N$159)+SUMIF('06'!$D$7:$D$159,$C23,'06'!N$7:N$159)+SUMIF('07'!$D$7:$D$159,$C23,'07'!N$7:N$159)+SUMIF('08'!$D$7:$D$159,$C23,'08'!N$7:N$159) | M24: =SUMIF('02'!$D$7:$D$159,$C23,'02'!O$7:O$159)+SUMIF('03'!$D$7:$D$159,$C23,'03'!O$7:O$159)+SUMIF('04'!$D$7:$D$159,$C23,'04'!O$7:O$159)+SUMIF('05'!$D$7:$D$159,$C23,'05'!O$7:O$159)+SUMIF('06'!$D$7:$D$159,$C23,'06'!O$7:O$159)+SUMIF('07'!$D$7:$D$159,$C23,'07'!O$7:O$159)+SUMIF('08'!$D$7:$D$159,$C23,'08'!O$7:O$159) | N24: =SUMIF('02'!$D$7:$D$159,$C23,'02'!P$7:P$159)+SUMIF('03'!$D$7:$D$159,$C23,'03'!P$7:P$159)+SUMIF('04'!$D$7:$D$159,$C23,'04'!P$7:P$159)+SUMIF('05'!$D$7:$D$159,$C23,'05'!P$7:P$159)+SUMIF('06'!$D$7:$D$159,$C23,'06'!P$7:P$159)+SUMIF('07'!$D$7:$D$159,$C23,'07'!P$7:P$159)+SUMIF('08'!$D$7:$D$159,$C23,'08'!P$7:P$159) | O24: =SUMIF('02'!$D$7:$D$159,$C23,'02'!Q$7:Q$159)+SUMIF('03'!$D$7:$D$159,$C23,'03'!Q$7:Q$159)+SUMIF('04'!$D$7:$D$159,$C23,'04'!Q$7:Q$159)+SUMIF('05'!$D$7:$D$159,$C23,'05'!Q$7:Q$159)+SUMIF('06'!$D$7:$D$159,$C23,'06'!Q$7:Q$159)+SUMIF('07'!$D$7:$D$159,$C23,'07'!Q$7:Q$159)+SUMIF('08'!$D$7:$D$159,$C23,'08'!Q$7:Q$159) | P24: =SUMIF('02'!$D$7:$D$159,$C23,'02'!R$7:R$159)+SUMIF('03'!$D$7:$D$159,$C23,'03'!R$7:R$159)+SUMIF('04'!$D$7:$D$159,$C23,'04'!R$7:R$159)+SUMIF('05'!$D$7:$D$159,$C23,'05'!R$7:R$159)+SUMIF('06'!$D$7:$D$159,$C23,'06'!R$7:R$159)+SUMIF('07'!$D$7:$D$159,$C23,'07'!R$7:R$159)+SUMIF('08'!$D$7:$D$159,$C23,'08'!R$7:R$159) | Q24: =SUMIF('02'!$D$7:$D$159,$C23,'02'!S$7:S$159)+SUMIF('03'!$D$7:$D$159,$C23,'03'!S$7:S$159)+SUMIF('04'!$D$7:$D$159,$C23,'04'!S$7:S$159)+SUMIF('05'!$D$7:$D$159,$C23,'05'!S$7:S$159)+SUMIF('06'!$D$7:$D$159,$C23,'06'!S$7:S$159)+SUMIF('07'!$D$7:$D$159,$C23,'07'!S$7:S$159)+SUMIF('08'!$D$7:$D$159,$C23,'08'!S$7:S$159) | ... W24: =SUMIF('02'!$D$7:$D$159,$C23,'02'!Y$7:Y$159)+SUMIF('03'!$D$7:$D$159,$C23,'03'!Y$7:Y$159)+SUMIF('04'!$D$7:$D$159,$C23,'04'!Y$7:Y$159)+SUMIF('05'!$D$7:$D$159,$C23,'05'!Y$7:Y$159)+SUMIF('06'!$D$7:$D$159,$C23,'06'!Y$7:Y$159)+SUMIF('07'!$D$7:$D$159,$C23,'07'!Y$7:Y$159)+SUMIF('08'!$D$7:$D$159,$C23,'08'!Y$7:Y$159) | X24: =SUM(J24:W24)
A25: =IF(OR(C25="0",COUNTIF(КлючВесна,C25)>1),0,MATCH(F25,ВидыНагр,0)) | B25: =(COUNTA(D25:F26,J25:W25,H25:I26)=0) | C25: =IF(OR(TRIM(D25)="",COUNTIF(ВидыНагр,F25)<>1),"0",CONCATENATE("$",TRIM(D25),"$",TRIM(E25),"$",F25,"$")) | G25: план | X25: =SUM(J25:W25) | Y25: =X26-X25
A26: =-A25 | B26: =B25 | G26: факт | J26: =SUMIF('02'!$D$7:$D$159,$C25,'02'!L$7:L$159)+SUMIF('03'!$D$7:$D$159,$C25,'03'!L$7:L$159)+SUMIF('04'!$D$7:$D$159,$C25,'04'!L$7:L$159)+SUMIF('05'!$D$7:$D$159,$C25,'05'!L$7:L$159)+SUMIF('06'!$D$7:$D$159,$C25,'06'!L$7:L$159)+SUMIF('07'!$D$7:$D$159,$C25,'07'!L$7:L$159)+SUMIF('08'!$D$7:$D$159,$C25,'08'!L$7:L$159) | K26: =SUMIF('02'!$D$7:$D$159,$C25,'02'!M$7:M$159)+SUMIF('03'!$D$7:$D$159,$C25,'03'!M$7:M$159)+SUMIF('04'!$D$7:$D$159,$C25,'04'!M$7:M$159)+SUMIF('05'!$D$7:$D$159,$C25,'05'!M$7:M$159)+SUMIF('06'!$D$7:$D$159,$C25,'06'!M$7:M$159)+SUMIF('07'!$D$7:$D$159,$C25,'07'!M$7:M$159)+SUMIF('08'!$D$7:$D$159,$C25,'08'!M$7:M$159) | L26: =SUMIF('02'!$D$7:$D$159,$C25,'02'!N$7:N$159)+SUMIF('03'!$D$7:$D$159,$C25,'03'!N$7:N$159)+SUMIF('04'!$D$7:$D$159,$C25,'04'!N$7:N$159)+SUMIF('05'!$D$7:$D$159,$C25,'05'!N$7:N$159)+SUMIF('06'!$D$7:$D$159,$C25,'06'!N$7:N$159)+SUMIF('07'!$D$7:$D$159,$C25,'07'!N$7:N$159)+SUMIF('08'!$D$7:$D$159,$C25,'08'!N$7:N$159) | M26: =SUMIF('02'!$D$7:$D$159,$C25,'02'!O$7:O$159)+SUMIF('03'!$D$7:$D$159,$C25,'03'!O$7:O$159)+SUMIF('04'!$D$7:$D$159,$C25,'04'!O$7:O$159)+SUMIF('05'!$D$7:$D$159,$C25,'05'!O$7:O$159)+SUMIF('06'!$D$7:$D$159,$C25,'06'!O$7:O$159)+SUMIF('07'!$D$7:$D$159,$C25,'07'!O$7:O$159)+SUMIF('08'!$D$7:$D$159,$C25,'08'!O$7:O$159) | N26: =SUMIF('02'!$D$7:$D$159,$C25,'02'!P$7:P$159)+SUMIF('03'!$D$7:$D$159,$C25,'03'!P$7:P$159)+SUMIF('04'!$D$7:$D$159,$C25,'04'!P$7:P$159)+SUMIF('05'!$D$7:$D$159,$C25,'05'!P$7:P$159)+SUMIF('06'!$D$7:$D$159,$C25,'06'!P$7:P$159)+SUMIF('07'!$D$7:$D$159,$C25,'07'!P$7:P$159)+SUMIF('08'!$D$7:$D$159,$C25,'08'!P$7:P$159) | O26: =SUMIF('02'!$D$7:$D$159,$C25,'02'!Q$7:Q$159)+SUMIF('03'!$D$7:$D$159,$C25,'03'!Q$7:Q$159)+SUMIF('04'!$D$7:$D$159,$C25,'04'!Q$7:Q$159)+SUMIF('05'!$D$7:$D$159,$C25,'05'!Q$7:Q$159)+SUMIF('06'!$D$7:$D$159,$C25,'06'!Q$7:Q$159)+SUMIF('07'!$D$7:$D$159,$C25,'07'!Q$7:Q$159)+SUMIF('08'!$D$7:$D$159,$C25,'08'!Q$7:Q$159) | P26: =SUMIF('02'!$D$7:$D$159,$C25,'02'!R$7:R$159)+SUMIF('03'!$D$7:$D$159,$C25,'03'!R$7:R$159)+SUMIF('04'!$D$7:$D$159,$C25,'04'!R$7:R$159)+SUMIF('05'!$D$7:$D$159,$C25,'05'!R$7:R$159)+SUMIF('06'!$D$7:$D$159,$C25,'06'!R$7:R$159)+SUMIF('07'!$D$7:$D$159,$C25,'07'!R$7:R$159)+SUMIF('08'!$D$7:$D$159,$C25,'08'!R$7:R$159) | Q26: =SUMIF('02'!$D$7:$D$159,$C25,'02'!S$7:S$159)+SUMIF('03'!$D$7:$D$159,$C25,'03'!S$7:S$159)+SUMIF('04'!$D$7:$D$159,$C25,'04'!S$7:S$159)+SUMIF('05'!$D$7:$D$159,$C25,'05'!S$7:S$159)+SUMIF('06'!$D$7:$D$159,$C25,'06'!S$7:S$159)+SUMIF('07'!$D$7:$D$159,$C25,'07'!S$7:S$159)+SUMIF('08'!$D$7:$D$159,$C25,'08'!S$7:S$159) | ... W26: =SUMIF('02'!$D$7:$D$159,$C25,'02'!Y$7:Y$159)+SUMIF('03'!$D$7:$D$159,$C25,'03'!Y$7:Y$159)+SUMIF('04'!$D$7:$D$159,$C25,'04'!Y$7:Y$159)+SUMIF('05'!$D$7:$D$159,$C25,'05'!Y$7:Y$159)+SUMIF('06'!$D$7:$D$159,$C25,'06'!Y$7:Y$159)+SUMIF('07'!$D$7:$D$159,$C25,'07'!Y$7:Y$159)+SUMIF('08'!$D$7:$D$159,$C25,'08'!Y$7:Y$159) | X26: =SUM(J26:W26)
A27: =IF(OR(C27="0",COUNTIF(КлючВесна,C27)>1),0,MATCH(F27,ВидыНагр,0)) | B27: =(COUNTA(D27:F28,J27:W27,H27:I28)=0) | C27: =IF(OR(TRIM(D27)="",COUNTIF(ВидыНагр,F27)<>1),"0",CONCATENATE("$",TRIM(D27),"$",TRIM(E27),"$",F27,"$")) | G27: план | X27: =SUM(J27:W27) | Y27: =X28-X27
A28: =-A27 | B28: =B27 | G28: факт | J28: =SUMIF('02'!$D$7:$D$159,$C27,'02'!L$7:L$159)+SUMIF('03'!$D$7:$D$159,$C27,'03'!L$7:L$159)+SUMIF('04'!$D$7:$D$159,$C27,'04'!L$7:L$159)+SUMIF('05'!$D$7:$D$159,$C27,'05'!L$7:L$159)+SUMIF('06'!$D$7:$D$159,$C27,'06'!L$7:L$159)+SUMIF('07'!$D$7:$D$159,$C27,'07'!L$7:L$159)+SUMIF('08'!$D$7:$D$159,$C27,'08'!L$7:L$159) | K28: =SUMIF('02'!$D$7:$D$159,$C27,'02'!M$7:M$159)+SUMIF('03'!$D$7:$D$159,$C27,'03'!M$7:M$159)+SUMIF('04'!$D$7:$D$159,$C27,'04'!M$7:M$159)+SUMIF('05'!$D$7:$D$159,$C27,'05'!M$7:M$159)+SUMIF('06'!$D$7:$D$159,$C27,'06'!M$7:M$159)+SUMIF('07'!$D$7:$D$159,$C27,'07'!M$7:M$159)+SUMIF('08'!$D$7:$D$159,$C27,'08'!M$7:M$159) | L28: =SUMIF('02'!$D$7:$D$159,$C27,'02'!N$7:N$159)+SUMIF('03'!$D$7:$D$159,$C27,'03'!N$7:N$159)+SUMIF('04'!$D$7:$D$159,$C27,'04'!N$7:N$159)+SUMIF('05'!$D$7:$D$159,$C27,'05'!N$7:N$159)+SUMIF('06'!$D$7:$D$159,$C27,'06'!N$7:N$159)+SUMIF('07'!$D$7:$D$159,$C27,'07'!N$7:N$159)+SUMIF('08'!$D$7:$D$159,$C27,'08'!N$7:N$159) | M28: =SUMIF('02'!$D$7:$D$159,$C27,'02'!O$7:O$159)+SUMIF('03'!$D$7:$D$159,$C27,'03'!O$7:O$159)+SUMIF('04'!$D$7:$D$159,$C27,'04'!O$7:O$159)+SUMIF('05'!$D$7:$D$159,$C27,'05'!O$7:O$159)+SUMIF('06'!$D$7:$D$159,$C27,'06'!O$7:O$159)+SUMIF('07'!$D$7:$D$159,$C27,'07'!O$7:O$159)+SUMIF('08'!$D$7:$D$159,$C27,'08'!O$7:O$159) | N28: =SUMIF('02'!$D$7:$D$159,$C27,'02'!P$7:P$159)+SUMIF('03'!$D$7:$D$159,$C27,'03'!P$7:P$159)+SUMIF('04'!$D$7:$D$159,$C27,'04'!P$7:P$159)+SUMIF('05'!$D$7:$D$159,$C27,'05'!P$7:P$159)+SUMIF('06'!$D$7:$D$159,$C27,'06'!P$7:P$159)+SUMIF('07'!$D$7:$D$159,$C27,'07'!P$7:P$159)+SUMIF('08'!$D$7:$D$159,$C27,'08'!P$7:P$159) | O28: =SUMIF('02'!$D$7:$D$159,$C27,'02'!Q$7:Q$159)+SUMIF('03'!$D$7:$D$159,$C27,'03'!Q$7:Q$159)+SUMIF('04'!$D$7:$D$159,$C27,'04'!Q$7:Q$159)+SUMIF('05'!$D$7:$D$159,$C27,'05'!Q$7:Q$159)+SUMIF('06'!$D$7:$D$159,$C27,'06'!Q$7:Q$159)+SUMIF('07'!$D$7:$D$159,$C27,'07'!Q$7:Q$159)+SUMIF('08'!$D$7:$D$159,$C27,'08'!Q$7:Q$159) | P28: =SUMIF('02'!$D$7:$D$159,$C27,'02'!R$7:R$159)+SUMIF('03'!$D$7:$D$159,$C27,'03'!R$7:R$159)+SUMIF('04'!$D$7:$D$159,$C27,'04'!R$7:R$159)+SUMIF('05'!$D$7:$D$159,$C27,'05'!R$7:R$159)+SUMIF('06'!$D$7:$D$159,$C27,'06'!R$7:R$159)+SUMIF('07'!$D$7:$D$159,$C27,'07'!R$7:R$159)+SUMIF('08'!$D$7:$D$159,$C27,'08'!R$7:R$159) | Q28: =SUMIF('02'!$D$7:$D$159,$C27,'02'!S$7:S$159)+SUMIF('03'!$D$7:$D$159,$C27,'03'!S$7:S$159)+SUMIF('04'!$D$7:$D$159,$C27,'04'!S$7:S$159)+SUMIF('05'!$D$7:$D$159,$C27,'05'!S$7:S$159)+SUMIF('06'!$D$7:$D$159,$C27,'06'!S$7:S$159)+SUMIF('07'!$D$7:$D$159,$C27,'07'!S$7:S$159)+SUMIF('08'!$D$7:$D$159,$C27,'08'!S$7:S$159) | ... W28: =SUMIF('02'!$D$7:$D$159,$C27,'02'!Y$7:Y$159)+SUMIF('03'!$D$7:$D$159,$C27,'03'!Y$7:Y$159)+SUMIF('04'!$D$7:$D$159,$C27,'04'!Y$7:Y$159)+SUMIF('05'!$D$7:$D$159,$C27,'05'!Y$7:Y$159)+SUMIF('06'!$D$7:$D$159,$C27,'06'!Y$7:Y$159)+SUMIF('07'!$D$7:$D$159,$C27,'07'!Y$7:Y$159)+SUMIF('08'!$D$7:$D$159,$C27,'08'!Y$7:Y$159) | X28: =SUM(J28:W28)
A29: =IF(OR(C29="0",COUNTIF(КлючВесна,C29)>1),0,MATCH(F29,ВидыНагр,0)) | B29: =(COUNTA(D29:F30,J29:W29,H29:I30)=0) | C29: =IF(OR(TRIM(D29)="",COUNTIF(ВидыНагр,F29)<>1),"0",CONCATENATE("$",TRIM(D29),"$",TRIM(E29),"$",F29,"$")) | G29: план | X29: =SUM(J29:W29) | Y29: =X30-X29
A30: =-A29 | B30: =B29 | G30: факт | J30: =SUMIF('02'!$D$7:$D$159,$C29,'02'!L$7:L$159)+SUMIF('03'!$D$7:$D$159,$C29,'03'!L$7:L$159)+SUMIF('04'!$D$7:$D$159,$C29,'04'!L$7:L$159)+SUMIF('05'!$D$7:$D$159,$C29,'05'!L$7:L$159)+SUMIF('06'!$D$7:$D$159,$C29,'06'!L$7:L$159)+SUMIF('07'!$D$7:$D$159,$C29,'07'!L$7:L$159)+SUMIF('08'!$D$7:$D$159,$C29,'08'!L$7:L$159) | K30: =SUMIF('02'!$D$7:$D$159,$C29,'02'!M$7:M$159)+SUMIF('03'!$D$7:$D$159,$C29,'03'!M$7:M$159)+SUMIF('04'!$D$7:$D$159,$C29,'04'!M$7:M$159)+SUMIF('05'!$D$7:$D$159,$C29,'05'!M$7:M$159)+SUMIF('06'!$D$7:$D$159,$C29,'06'!M$7:M$159)+SUMIF('07'!$D$7:$D$159,$C29,'07'!M$7:M$159)+SUMIF('08'!$D$7:$D$159,$C29,'08'!M$7:M$159) | L30: =SUMIF('02'!$D$7:$D$159,$C29,'02'!N$7:N$159)+SUMIF('03'!$D$7:$D$159,$C29,'03'!N$7:N$159)+SUMIF('04'!$D$7:$D$159,$C29,'04'!N$7:N$159)+SUMIF('05'!$D$7:$D$159,$C29,'05'!N$7:N$159)+SUMIF('06'!$D$7:$D$159,$C29,'06'!N$7:N$159)+SUMIF('07'!$D$7:$D$159,$C29,'07'!N$7:N$159)+SUMIF('08'!$D$7:$D$159,$C29,'08'!N$7:N$159) | M30: =SUMIF('02'!$D$7:$D$159,$C29,'02'!O$7:O$159)+SUMIF('03'!$D$7:$D$159,$C29,'03'!O$7:O$159)+SUMIF('04'!$D$7:$D$159,$C29,'04'!O$7:O$159)+SUMIF('05'!$D$7:$D$159,$C29,'05'!O$7:O$159)+SUMIF('06'!$D$7:$D$159,$C29,'06'!O$7:O$159)+SUMIF('07'!$D$7:$D$159,$C29,'07'!O$7:O$159)+SUMIF('08'!$D$7:$D$159,$C29,'08'!O$7:O$159) | N30: =SUMIF('02'!$D$7:$D$159,$C29,'02'!P$7:P$159)+SUMIF('03'!$D$7:$D$159,$C29,'03'!P$7:P$159)+SUMIF('04'!$D$7:$D$159,$C29,'04'!P$7:P$159)+SUMIF('05'!$D$7:$D$159,$C29,'05'!P$7:P$159)+SUMIF('06'!$D$7:$D$159,$C29,'06'!P$7:P$159)+SUMIF('07'!$D$7:$D$159,$C29,'07'!P$7:P$159)+SUMIF('08'!$D$7:$D$159,$C29,'08'!P$7:P$159) | O30: =SUMIF('02'!$D$7:$D$159,$C29,'02'!Q$7:Q$159)+SUMIF('03'!$D$7:$D$159,$C29,'03'!Q$7:Q$159)+SUMIF('04'!$D$7:$D$159,$C29,'04'!Q$7:Q$159)+SUMIF('05'!$D$7:$D$159,$C29,'05'!Q$7:Q$159)+SUMIF('06'!$D$7:$D$159,$C29,'06'!Q$7:Q$159)+SUMIF('07'!$D$7:$D$159,$C29,'07'!Q$7:Q$159)+SUMIF('08'!$D$7:$D$159,$C29,'08'!Q$7:Q$159) | P30: =SUMIF('02'!$D$7:$D$159,$C29,'02'!R$7:R$159)+SUMIF('03'!$D$7:$D$159,$C29,'03'!R$7:R$159)+SUMIF('04'!$D$7:$D$159,$C29,'04'!R$7:R$159)+SUMIF('05'!$D$7:$D$159,$C29,'05'!R$7:R$159)+SUMIF('06'!$D$7:$D$159,$C29,'06'!R$7:R$159)+SUMIF('07'!$D$7:$D$159,$C29,'07'!R$7:R$159)+SUMIF('08'!$D$7:$D$159,$C29,'08'!R$7:R$159) | Q30: =SUMIF('02'!$D$7:$D$159,$C29,'02'!S$7:S$159)+SUMIF('03'!$D$7:$D$159,$C29,'03'!S$7:S$159)+SUMIF('04'!$D$7:$D$159,$C29,'04'!S$7:S$159)+SUMIF('05'!$D$7:$D$159,$C29,'05'!S$7:S$159)+SUMIF('06'!$D$7:$D$159,$C29,'06'!S$7:S$159)+SUMIF('07'!$D$7:$D$159,$C29,'07'!S$7:S$159)+SUMIF('08'!$D$7:$D$159,$C29,'08'!S$7:S$159) | ... W30: =SUMIF('02'!$D$7:$D$159,$C29,'02'!Y$7:Y$159)+SUMIF('03'!$D$7:$D$159,$C29,'03'!Y$7:Y$159)+SUMIF('04'!$D$7:$D$159,$C29,'04'!Y$7:Y$159)+SUMIF('05'!$D$7:$D$159,$C29,'05'!Y$7:Y$159)+SUMIF('06'!$D$7:$D$159,$C29,'06'!Y$7:Y$159)+SUMIF('07'!$D$7:$D$159,$C29,'07'!Y$7:Y$159)+SUMIF('08'!$D$7:$D$159,$C29,'08'!Y$7:Y$159) | X30: =SUM(J30:W30)
A31: =IF(OR(C31="0",COUNTIF(КлючВесна,C31)>1),0,MATCH(F31,ВидыНагр,0)) | B31: =(COUNTA(D31:F32,J31:W31,H31:I32)=0) | C31: =IF(OR(TRIM(D31)="",COUNTIF(ВидыНагр,F31)<>1),"0",CONCATENATE("$",TRIM(D31),"$",TRIM(E31),"$",F31,"$")) | G31: план | X31: =SUM(J31:W31) | Y31: =X32-X31
A32: =-A31 | B32: =B31 | G32: факт | J32: =SUMIF('02'!$D$7:$D$159,$C31,'02'!L$7:L$159)+SUMIF('03'!$D$7:$D$159,$C31,'03'!L$7:L$159)+SUMIF('04'!$D$7:$D$159,$C31,'04'!L$7:L$159)+SUMIF('05'!$D$7:$D$159,$C31,'05'!L$7:L$159)+SUMIF('06'!$D$7:$D$159,$C31,'06'!L$7:L$159)+SUMIF('07'!$D$7:$D$159,$C31,'07'!L$7:L$159)+SUMIF('08'!$D$7:$D$159,$C31,'08'!L$7:L$159) | K32: =SUMIF('02'!$D$7:$D$159,$C31,'02'!M$7:M$159)+SUMIF('03'!$D$7:$D$159,$C31,'03'!M$7:M$159)+SUMIF('04'!$D$7:$D$159,$C31,'04'!M$7:M$159)+SUMIF('05'!$D$7:$D$159,$C31,'05'!M$7:M$159)+SUMIF('06'!$D$7:$D$159,$C31,'06'!M$7:M$159)+SUMIF('07'!$D$7:$D$159,$C31,'07'!M$7:M$159)+SUMIF('08'!$D$7:$D$159,$C31,'08'!M$7:M$159) | L32: =SUMIF('02'!$D$7:$D$159,$C31,'02'!N$7:N$159)+SUMIF('03'!$D$7:$D$159,$C31,'03'!N$7:N$159)+SUMIF('04'!$D$7:$D$159,$C31,'04'!N$7:N$159)+SUMIF('05'!$D$7:$D$159,$C31,'05'!N$7:N$159)+SUMIF('06'!$D$7:$D$159,$C31,'06'!N$7:N$159)+SUMIF('07'!$D$7:$D$159,$C31,'07'!N$7:N$159)+SUMIF('08'!$D$7:$D$159,$C31,'08'!N$7:N$159) | M32: =SUMIF('02'!$D$7:$D$159,$C31,'02'!O$7:O$159)+SUMIF('03'!$D$7:$D$159,$C31,'03'!O$7:O$159)+SUMIF('04'!$D$7:$D$159,$C31,'04'!O$7:O$159)+SUMIF('05'!$D$7:$D$159,$C31,'05'!O$7:O$159)+SUMIF('06'!$D$7:$D$159,$C31,'06'!O$7:O$159)+SUMIF('07'!$D$7:$D$159,$C31,'07'!O$7:O$159)+SUMIF('08'!$D$7:$D$159,$C31,'08'!O$7:O$159) | N32: =SUMIF('02'!$D$7:$D$159,$C31,'02'!P$7:P$159)+SUMIF('03'!$D$7:$D$159,$C31,'03'!P$7:P$159)+SUMIF('04'!$D$7:$D$159,$C31,'04'!P$7:P$159)+SUMIF('05'!$D$7:$D$159,$C31,'05'!P$7:P$159)+SUMIF('06'!$D$7:$D$159,$C31,'06'!P$7:P$159)+SUMIF('07'!$D$7:$D$159,$C31,'07'!P$7:P$159)+SUMIF('08'!$D$7:$D$159,$C31,'08'!P$7:P$159) | O32: =SUMIF('02'!$D$7:$D$159,$C31,'02'!Q$7:Q$159)+SUMIF('03'!$D$7:$D$159,$C31,'03'!Q$7:Q$159)+SUMIF('04'!$D$7:$D$159,$C31,'04'!Q$7:Q$159)+SUMIF('05'!$D$7:$D$159,$C31,'05'!Q$7:Q$159)+SUMIF('06'!$D$7:$D$159,$C31,'06'!Q$7:Q$159)+SUMIF('07'!$D$7:$D$159,$C31,'07'!Q$7:Q$159)+SUMIF('08'!$D$7:$D$159,$C31,'08'!Q$7:Q$159) | P32: =SUMIF('02'!$D$7:$D$159,$C31,'02'!R$7:R$159)+SUMIF('03'!$D$7:$D$159,$C31,'03'!R$7:R$159)+SUMIF('04'!$D$7:$D$159,$C31,'04'!R$7:R$159)+SUMIF('05'!$D$7:$D$159,$C31,'05'!R$7:R$159)+SUMIF('06'!$D$7:$D$159,$C31,'06'!R$7:R$159)+SUMIF('07'!$D$7:$D$159,$C31,'07'!R$7:R$159)+SUMIF('08'!$D$7:$D$159,$C31,'08'!R$7:R$159) | Q32: =SUMIF('02'!$D$7:$D$159,$C31,'02'!S$7:S$159)+SUMIF('03'!$D$7:$D$159,$C31,'03'!S$7:S$159)+SUMIF('04'!$D$7:$D$159,$C31,'04'!S$7:S$159)+SUMIF('05'!$D$7:$D$159,$C31,'05'!S$7:S$159)+SUMIF('06'!$D$7:$D$159,$C31,'06'!S$7:S$159)+SUMIF('07'!$D$7:$D$159,$C31,'07'!S$7:S$159)+SUMIF('08'!$D$7:$D$159,$C31,'08'!S$7:S$159) | ... W32: =SUMIF('02'!$D$7:$D$159,$C31,'02'!Y$7:Y$159)+SUMIF('03'!$D$7:$D$159,$C31,'03'!Y$7:Y$159)+SUMIF('04'!$D$7:$D$159,$C31,'04'!Y$7:Y$159)+SUMIF('05'!$D$7:$D$159,$C31,'05'!Y$7:Y$159)+SUMIF('06'!$D$7:$D$159,$C31,'06'!Y$7:Y$159)+SUMIF('07'!$D$7:$D$159,$C31,'07'!Y$7:Y$159)+SUMIF('08'!$D$7:$D$159,$C31,'08'!Y$7:Y$159) | X32: =SUM(J32:W32)
A33: =IF(OR(C33="0",COUNTIF(КлючВесна,C33)>1),0,MATCH(F33,ВидыНагр,0)) | B33: =(COUNTA(D33:F34,J33:W33,H33:I34)=0) | C33: =IF(OR(TRIM(D33)="",COUNTIF(ВидыНагр,F33)<>1),"0",CONCATENATE("$",TRIM(D33),"$",TRIM(E33),"$",F33,"$")) | G33: план | X33: =SUM(J33:W33) | Y33: =X34-X33
A34: =-A33 | B34: =B33 | G34: факт | J34: =SUMIF('02'!$D$7:$D$159,$C33,'02'!L$7:L$159)+SUMIF('03'!$D$7:$D$159,$C33,'03'!L$7:L$159)+SUMIF('04'!$D$7:$D$159,$C33,'04'!L$7:L$159)+SUMIF('05'!$D$7:$D$159,$C33,'05'!L$7:L$159)+SUMIF('06'!$D$7:$D$159,$C33,'06'!L$7:L$159)+SUMIF('07'!$D$7:$D$159,$C33,'07'!L$7:L$159)+SUMIF('08'!$D$7:$D$159,$C33,'08'!L$7:L$159) | K34: =SUMIF('02'!$D$7:$D$159,$C33,'02'!M$7:M$159)+SUMIF('03'!$D$7:$D$159,$C33,'03'!M$7:M$159)+SUMIF('04'!$D$7:$D$159,$C33,'04'!M$7:M$159)+SUMIF('05'!$D$7:$D$159,$C33,'05'!M$7:M$159)+SUMIF('06'!$D$7:$D$159,$C33,'06'!M$7:M$159)+SUMIF('07'!$D$7:$D$159,$C33,'07'!M$7:M$159)+SUMIF('08'!$D$7:$D$159,$C33,'08'!M$7:M$159) | L34: =SUMIF('02'!$D$7:$D$159,$C33,'02'!N$7:N$159)+SUMIF('03'!$D$7:$D$159,$C33,'03'!N$7:N$159)+SUMIF('04'!$D$7:$D$159,$C33,'04'!N$7:N$159)+SUMIF('05'!$D$7:$D$159,$C33,'05'!N$7:N$159)+SUMIF('06'!$D$7:$D$159,$C33,'06'!N$7:N$159)+SUMIF('07'!$D$7:$D$159,$C33,'07'!N$7:N$159)+SUMIF('08'!$D$7:$D$159,$C33,'08'!N$7:N$159) | M34: =SUMIF('02'!$D$7:$D$159,$C33,'02'!O$7:O$159)+SUMIF('03'!$D$7:$D$159,$C33,'03'!O$7:O$159)+SUMIF('04'!$D$7:$D$159,$C33,'04'!O$7:O$159)+SUMIF('05'!$D$7:$D$159,$C33,'05'!O$7:O$159)+SUMIF('06'!$D$7:$D$159,$C33,'06'!O$7:O$159)+SUMIF('07'!$D$7:$D$159,$C33,'07'!O$7:O$159)+SUMIF('08'!$D$7:$D$159,$C33,'08'!O$7:O$159) | N34: =SUMIF('02'!$D$7:$D$159,$C33,'02'!P$7:P$159)+SUMIF('03'!$D$7:$D$159,$C33,'03'!P$7:P$159)+SUMIF('04'!$D$7:$D$159,$C33,'04'!P$7:P$159)+SUMIF('05'!$D$7:$D$159,$C33,'05'!P$7:P$159)+SUMIF('06'!$D$7:$D$159,$C33,'06'!P$7:P$159)+SUMIF('07'!$D$7:$D$159,$C33,'07'!P$7:P$159)+SUMIF('08'!$D$7:$D$159,$C33,'08'!P$7:P$159) | O34: =SUMIF('02'!$D$7:$D$159,$C33,'02'!Q$7:Q$159)+SUMIF('03'!$D$7:$D$159,$C33,'03'!Q$7:Q$159)+SUMIF('04'!$D$7:$D$159,$C33,'04'!Q$7:Q$159)+SUMIF('05'!$D$7:$D$159,$C33,'05'!Q$7:Q$159)+SUMIF('06'!$D$7:$D$159,$C33,'06'!Q$7:Q$159)+SUMIF('07'!$D$7:$D$159,$C33,'07'!Q$7:Q$159)+SUMIF('08'!$D$7:$D$159,$C33,'08'!Q$7:Q$159) | P34: =SUMIF('02'!$D$7:$D$159,$C33,'02'!R$7:R$159)+SUMIF('03'!$D$7:$D$159,$C33,'03'!R$7:R$159)+SUMIF('04'!$D$7:$D$159,$C33,'04'!R$7:R$159)+SUMIF('05'!$D$7:$D$159,$C33,'05'!R$7:R$159)+SUMIF('06'!$D$7:$D$159,$C33,'06'!R$7:R$159)+SUMIF('07'!$D$7:$D$159,$C33,'07'!R$7:R$159)+SUMIF('08'!$D$7:$D$159,$C33,'08'!R$7:R$159) | Q34: =SUMIF('02'!$D$7:$D$159,$C33,'02'!S$7:S$159)+SUMIF('03'!$D$7:$D$159,$C33,'03'!S$7:S$159)+SUMIF('04'!$D$7:$D$159,$C33,'04'!S$7:S$159)+SUMIF('05'!$D$7:$D$159,$C33,'05'!S$7:S$159)+SUMIF('06'!$D$7:$D$159,$C33,'06'!S$7:S$159)+SUMIF('07'!$D$7:$D$159,$C33,'07'!S$7:S$159)+SUMIF('08'!$D$7:$D$159,$C33,'08'!S$7:S$159) | ... W34: =SUMIF('02'!$D$7:$D$159,$C33,'02'!Y$7:Y$159)+SUMIF('03'!$D$7:$D$159,$C33,'03'!Y$7:Y$159)+SUMIF('04'!$D$7:$D$159,$C33,'04'!Y$7:Y$159)+SUMIF('05'!$D$7:$D$159,$C33,'05'!Y$7:Y$159)+SUMIF('06'!$D$7:$D$159,$C33,'06'!Y$7:Y$159)+SUMIF('07'!$D$7:$D$159,$C33,'07'!Y$7:Y$159)+SUMIF('08'!$D$7:$D$159,$C33,'08'!Y$7:Y$159) | X34: =SUM(J34:W34)
A35: =IF(OR(C35="0",COUNTIF(КлючВесна,C35)>1),0,MATCH(F35,ВидыНагр,0)) | B35: =(COUNTA(D35:F36,J35:W35,H35:I36)=0) | C35: =IF(OR(TRIM(D35)="",COUNTIF(ВидыНагр,F35)<>1),"0",CONCATENATE("$",TRIM(D35),"$",TRIM(E35),"$",F35,"$")) | G35: план | X35: =SUM(J35:W35) | Y35: =X36-X35
A36: =-A35 | B36: =B35 | G36: факт | J36: =SUMIF('02'!$D$7:$D$159,$C35,'02'!L$7:L$159)+SUMIF('03'!$D$7:$D$159,$C35,'03'!L$7:L$159)+SUMIF('04'!$D$7:$D$159,$C35,'04'!L$7:L$159)+SUMIF('05'!$D$7:$D$159,$C35,'05'!L$7:L$159)+SUMIF('06'!$D$7:$D$159,$C35,'06'!L$7:L$159)+SUMIF('07'!$D$7:$D$159,$C35,'07'!L$7:L$159)+SUMIF('08'!$D$7:$D$159,$C35,'08'!L$7:L$159) | K36: =SUMIF('02'!$D$7:$D$159,$C35,'02'!M$7:M$159)+SUMIF('03'!$D$7:$D$159,$C35,'03'!M$7:M$159)+SUMIF('04'!$D$7:$D$159,$C35,'04'!M$7:M$159)+SUMIF('05'!$D$7:$D$159,$C35,'05'!M$7:M$159)+SUMIF('06'!$D$7:$D$159,$C35,'06'!M$7:M$159)+SUMIF('07'!$D$7:$D$159,$C35,'07'!M$7:M$159)+SUMIF('08'!$D$7:$D$159,$C35,'08'!M$7:M$159) | L36: =SUMIF('02'!$D$7:$D$159,$C35,'02'!N$7:N$159)+SUMIF('03'!$D$7:$D$159,$C35,'03'!N$7:N$159)+SUMIF('04'!$D$7:$D$159,$C35,'04'!N$7:N$159)+SUMIF('05'!$D$7:$D$159,$C35,'05'!N$7:N$159)+SUMIF('06'!$D$7:$D$159,$C35,'06'!N$7:N$159)+SUMIF('07'!$D$7:$D$159,$C35,'07'!N$7:N$159)+SUMIF('08'!$D$7:$D$159,$C35,'08'!N$7:N$159) | M36: =SUMIF('02'!$D$7:$D$159,$C35,'02'!O$7:O$159)+SUMIF('03'!$D$7:$D$159,$C35,'03'!O$7:O$159)+SUMIF('04'!$D$7:$D$159,$C35,'04'!O$7:O$159)+SUMIF('05'!$D$7:$D$159,$C35,'05'!O$7:O$159)+SUMIF('06'!$D$7:$D$159,$C35,'06'!O$7:O$159)+SUMIF('07'!$D$7:$D$159,$C35,'07'!O$7:O$159)+SUMIF('08'!$D$7:$D$159,$C35,'08'!O$7:O$159) | N36: =SUMIF('02'!$D$7:$D$159,$C35,'02'!P$7:P$159)+SUMIF('03'!$D$7:$D$159,$C35,'03'!P$7:P$159)+SUMIF('04'!$D$7:$D$159,$C35,'04'!P$7:P$159)+SUMIF('05'!$D$7:$D$159,$C35,'05'!P$7:P$159)+SUMIF('06'!$D$7:$D$159,$C35,'06'!P$7:P$159)+SUMIF('07'!$D$7:$D$159,$C35,'07'!P$7:P$159)+SUMIF('08'!$D$7:$D$159,$C35,'08'!P$7:P$159) | O36: =SUMIF('02'!$D$7:$D$159,$C35,'02'!Q$7:Q$159)+SUMIF('03'!$D$7:$D$159,$C35,'03'!Q$7:Q$159)+SUMIF('04'!$D$7:$D$159,$C35,'04'!Q$7:Q$159)+SUMIF('05'!$D$7:$D$159,$C35,'05'!Q$7:Q$159)+SUMIF('06'!$D$7:$D$159,$C35,'06'!Q$7:Q$159)+SUMIF('07'!$D$7:$D$159,$C35,'07'!Q$7:Q$159)+SUMIF('08'!$D$7:$D$159,$C35,'08'!Q$7:Q$159) | P36: =SUMIF('02'!$D$7:$D$159,$C35,'02'!R$7:R$159)+SUMIF('03'!$D$7:$D$159,$C35,'03'!R$7:R$159)+SUMIF('04'!$D$7:$D$159,$C35,'04'!R$7:R$159)+SUMIF('05'!$D$7:$D$159,$C35,'05'!R$7:R$159)+SUMIF('06'!$D$7:$D$159,$C35,'06'!R$7:R$159)+SUMIF('07'!$D$7:$D$159,$C35,'07'!R$7:R$159)+SUMIF('08'!$D$7:$D$159,$C35,'08'!R$7:R$159) | Q36: =SUMIF('02'!$D$7:$D$159,$C35,'02'!S$7:S$159)+SUMIF('03'!$D$7:$D$159,$C35,'03'!S$7:S$159)+SUMIF('04'!$D$7:$D$159,$C35,'04'!S$7:S$159)+SUMIF('05'!$D$7:$D$159,$C35,'05'!S$7:S$159)+SUMIF('06'!$D$7:$D$159,$C35,'06'!S$7:S$159)+SUMIF('07'!$D$7:$D$159,$C35,'07'!S$7:S$159)+SUMIF('08'!$D$7:$D$159,$C35,'08'!S$7:S$159) | ... W36: =SUMIF('02'!$D$7:$D$159,$C35,'02'!Y$7:Y$159)+SUMIF('03'!$D$7:$D$159,$C35,'03'!Y$7:Y$159)+SUMIF('04'!$D$7:$D$159,$C35,'04'!Y$7:Y$159)+SUMIF('05'!$D$7:$D$159,$C35,'05'!Y$7:Y$159)+SUMIF('06'!$D$7:$D$159,$C35,'06'!Y$7:Y$159)+SUMIF('07'!$D$7:$D$159,$C35,'07'!Y$7:Y$159)+SUMIF('08'!$D$7:$D$159,$C35,'08'!Y$7:Y$159) | X36: =SUM(J36:W36)
A37: =IF(OR(C37="0",COUNTIF(КлючВесна,C37)>1),0,MATCH(F37,ВидыНагр,0)) | B37: =(COUNTA(D37:F38,J37:W37,H37:I38)=0) | C37: =IF(OR(TRIM(D37)="",COUNTIF(ВидыНагр,F37)<>1),"0",CONCATENATE("$",TRIM(D37),"$",TRIM(E37),"$",F37,"$")) | G37: план | X37: =SUM(J37:W37) | Y37: =X38-X37
A38: =-A37 | B38: =B37 | G38: факт | J38: =SUMIF('02'!$D$7:$D$159,$C37,'02'!L$7:L$159)+SUMIF('03'!$D$7:$D$159,$C37,'03'!L$7:L$159)+SUMIF('04'!$D$7:$D$159,$C37,'04'!L$7:L$159)+SUMIF('05'!$D$7:$D$159,$C37,'05'!L$7:L$159)+SUMIF('06'!$D$7:$D$159,$C37,'06'!L$7:L$159)+SUMIF('07'!$D$7:$D$159,$C37,'07'!L$7:L$159)+SUMIF('08'!$D$7:$D$159,$C37,'08'!L$7:L$159) | K38: =SUMIF('02'!$D$7:$D$159,$C37,'02'!M$7:M$159)+SUMIF('03'!$D$7:$D$159,$C37,'03'!M$7:M$159)+SUMIF('04'!$D$7:$D$159,$C37,'04'!M$7:M$159)+SUMIF('05'!$D$7:$D$159,$C37,'05'!M$7:M$159)+SUMIF('06'!$D$7:$D$159,$C37,'06'!M$7:M$159)+SUMIF('07'!$D$7:$D$159,$C37,'07'!M$7:M$159)+SUMIF('08'!$D$7:$D$159,$C37,'08'!M$7:M$159) | L38: =SUMIF('02'!$D$7:$D$159,$C37,'02'!N$7:N$159)+SUMIF('03'!$D$7:$D$159,$C37,'03'!N$7:N$159)+SUMIF('04'!$D$7:$D$159,$C37,'04'!N$7:N$159)+SUMIF('05'!$D$7:$D$159,$C37,'05'!N$7:N$159)+SUMIF('06'!$D$7:$D$159,$C37,'06'!N$7:N$159)+SUMIF('07'!$D$7:$D$159,$C37,'07'!N$7:N$159)+SUMIF('08'!$D$7:$D$159,$C37,'08'!N$7:N$159) | M38: =SUMIF('02'!$D$7:$D$159,$C37,'02'!O$7:O$159)+SUMIF('03'!$D$7:$D$159,$C37,'03'!O$7:O$159)+SUMIF('04'!$D$7:$D$159,$C37,'04'!O$7:O$159)+SUMIF('05'!$D$7:$D$159,$C37,'05'!O$7:O$159)+SUMIF('06'!$D$7:$D$159,$C37,'06'!O$7:O$159)+SUMIF('07'!$D$7:$D$159,$C37,'07'!O$7:O$159)+SUMIF('08'!$D$7:$D$159,$C37,'08'!O$7:O$159) | N38: =SUMIF('02'!$D$7:$D$159,$C37,'02'!P$7:P$159)+SUMIF('03'!$D$7:$D$159,$C37,'03'!P$7:P$159)+SUMIF('04'!$D$7:$D$159,$C37,'04'!P$7:P$159)+SUMIF('05'!$D$7:$D$159,$C37,'05'!P$7:P$159)+SUMIF('06'!$D$7:$D$159,$C37,'06'!P$7:P$159)+SUMIF('07'!$D$7:$D$159,$C37,'07'!P$7:P$159)+SUMIF('08'!$D$7:$D$159,$C37,'08'!P$7:P$159) | O38: =SUMIF('02'!$D$7:$D$159,$C37,'02'!Q$7:Q$159)+SUMIF('03'!$D$7:$D$159,$C37,'03'!Q$7:Q$159)+SUMIF('04'!$D$7:$D$159,$C37,'04'!Q$7:Q$159)+SUMIF('05'!$D$7:$D$159,$C37,'05'!Q$7:Q$159)+SUMIF('06'!$D$7:$D$159,$C37,'06'!Q$7:Q$159)+SUMIF('07'!$D$7:$D$159,$C37,'07'!Q$7:Q$159)+SUMIF('08'!$D$7:$D$159,$C37,'08'!Q$7:Q$159) | P38: =SUMIF('02'!$D$7:$D$159,$C37,'02'!R$7:R$159)+SUMIF('03'!$D$7:$D$159,$C37,'03'!R$7:R$159)+SUMIF('04'!$D$7:$D$159,$C37,'04'!R$7:R$159)+SUMIF('05'!$D$7:$D$159,$C37,'05'!R$7:R$159)+SUMIF('06'!$D$7:$D$159,$C37,'06'!R$7:R$159)+SUMIF('07'!$D$7:$D$159,$C37,'07'!R$7:R$159)+SUMIF('08'!$D$7:$D$159,$C37,'08'!R$7:R$159) | Q38: =SUMIF('02'!$D$7:$D$159,$C37,'02'!S$7:S$159)+SUMIF('03'!$D$7:$D$159,$C37,'03'!S$7:S$159)+SUMIF('04'!$D$7:$D$159,$C37,'04'!S$7:S$159)+SUMIF('05'!$D$7:$D$159,$C37,'05'!S$7:S$159)+SUMIF('06'!$D$7:$D$159,$C37,'06'!S$7:S$159)+SUMIF('07'!$D$7:$D$159,$C37,'07'!S$7:S$159)+SUMIF('08'!$D$7:$D$159,$C37,'08'!S$7:S$159) | ... W38: =SUMIF('02'!$D$7:$D$159,$C37,'02'!Y$7:Y$159)+SUMIF('03'!$D$7:$D$159,$C37,'03'!Y$7:Y$159)+SUMIF('04'!$D$7:$D$159,$C37,'04'!Y$7:Y$159)+SUMIF('05'!$D$7:$D$159,$C37,'05'!Y$7:Y$159)+SUMIF('06'!$D$7:$D$159,$C37,'06'!Y$7:Y$159)+SUMIF('07'!$D$7:$D$159,$C37,'07'!Y$7:Y$159)+SUMIF('08'!$D$7:$D$159,$C37,'08'!Y$7:Y$159) | X38: =SUM(J38:W38)
A39: =IF(OR(C39="0",COUNTIF(КлючВесна,C39)>1),0,MATCH(F39,ВидыНагр,0)) | B39: =(COUNTA(D39:F40,J39:W39,H39:I40)=0) | C39: =IF(OR(TRIM(D39)="",COUNTIF(ВидыНагр,F39)<>1),"0",CONCATENATE("$",TRIM(D39),"$",TRIM(E39),"$",F39,"$")) | G39: план | X39: =SUM(J39:W39) | Y39: =X40-X39
A40: =-A39 | B40: =B39 | G40: факт | J40: =SUMIF('02'!$D$7:$D$159,$C39,'02'!L$7:L$159)+SUMIF('03'!$D$7:$D$159,$C39,'03'!L$7:L$159)+SUMIF('04'!$D$7:$D$159,$C39,'04'!L$7:L$159)+SUMIF('05'!$D$7:$D$159,$C39,'05'!L$7:L$159)+SUMIF('06'!$D$7:$D$159,$C39,'06'!L$7:L$159)+SUMIF('07'!$D$7:$D$159,$C39,'07'!L$7:L$159)+SUMIF('08'!$D$7:$D$159,$C39,'08'!L$7:L$159) | K40: =SUMIF('02'!$D$7:$D$159,$C39,'02'!M$7:M$159)+SUMIF('03'!$D$7:$D$159,$C39,'03'!M$7:M$159)+SUMIF('04'!$D$7:$D$159,$C39,'04'!M$7:M$159)+SUMIF('05'!$D$7:$D$159,$C39,'05'!M$7:M$159)+SUMIF('06'!$D$7:$D$159,$C39,'06'!M$7:M$159)+SUMIF('07'!$D$7:$D$159,$C39,'07'!M$7:M$159)+SUMIF('08'!$D$7:$D$159,$C39,'08'!M$7:M$159) | L40: =SUMIF('02'!$D$7:$D$159,$C39,'02'!N$7:N$159)+SUMIF('03'!$D$7:$D$159,$C39,'03'!N$7:N$159)+SUMIF('04'!$D$7:$D$159,$C39,'04'!N$7:N$159)+SUMIF('05'!$D$7:$D$159,$C39,'05'!N$7:N$159)+SUMIF('06'!$D$7:$D$159,$C39,'06'!N$7:N$159)+SUMIF('07'!$D$7:$D$159,$C39,'07'!N$7:N$159)+SUMIF('08'!$D$7:$D$159,$C39,'08'!N$7:N$159) | M40: =SUMIF('02'!$D$7:$D$159,$C39,'02'!O$7:O$159)+SUMIF('03'!$D$7:$D$159,$C39,'03'!O$7:O$159)+SUMIF('04'!$D$7:$D$159,$C39,'04'!O$7:O$159)+SUMIF('05'!$D$7:$D$159,$C39,'05'!O$7:O$159)+SUMIF('06'!$D$7:$D$159,$C39,'06'!O$7:O$159)+SUMIF('07'!$D$7:$D$159,$C39,'07'!O$7:O$159)+SUMIF('08'!$D$7:$D$159,$C39,'08'!O$7:O$159) | N40: =SUMIF('02'!$D$7:$D$159,$C39,'02'!P$7:P$159)+SUMIF('03'!$D$7:$D$159,$C39,'03'!P$7:P$159)+SUMIF('04'!$D$7:$D$159,$C39,'04'!P$7:P$159)+SUMIF('05'!$D$7:$D$159,$C39,'05'!P$7:P$159)+SUMIF('06'!$D$7:$D$159,$C39,'06'!P$7:P$159)+SUMIF('07'!$D$7:$D$159,$C39,'07'!P$7:P$159)+SUMIF('08'!$D$7:$D$159,$C39,'08'!P$7:P$159) | O40: =SUMIF('02'!$D$7:$D$159,$C39,'02'!Q$7:Q$159)+SUMIF('03'!$D$7:$D$159,$C39,'03'!Q$7:Q$159)+SUMIF('04'!$D$7:$D$159,$C39,'04'!Q$7:Q$159)+SUMIF('05'!$D$7:$D$159,$C39,'05'!Q$7:Q$159)+SUMIF('06'!$D$7:$D$159,$C39,'06'!Q$7:Q$159)+SUMIF('07'!$D$7:$D$159,$C39,'07'!Q$7:Q$159)+SUMIF('08'!$D$7:$D$159,$C39,'08'!Q$7:Q$159) | P40: =SUMIF('02'!$D$7:$D$159,$C39,'02'!R$7:R$159)+SUMIF('03'!$D$7:$D$159,$C39,'03'!R$7:R$159)+SUMIF('04'!$D$7:$D$159,$C39,'04'!R$7:R$159)+SUMIF('05'!$D$7:$D$159,$C39,'05'!R$7:R$159)+SUMIF('06'!$D$7:$D$159,$C39,'06'!R$7:R$159)+SUMIF('07'!$D$7:$D$159,$C39,'07'!R$7:R$159)+SUMIF('08'!$D$7:$D$159,$C39,'08'!R$7:R$159) | Q40: =SUMIF('02'!$D$7:$D$159,$C39,'02'!S$7:S$159)+SUMIF('03'!$D$7:$D$159,$C39,'03'!S$7:S$159)+SUMIF('04'!$D$7:$D$159,$C39,'04'!S$7:S$159)+SUMIF('05'!$D$7:$D$159,$C39,'05'!S$7:S$159)+SUMIF('06'!$D$7:$D$159,$C39,'06'!S$7:S$159)+SUMIF('07'!$D$7:$D$159,$C39,'07'!S$7:S$159)+SUMIF('08'!$D$7:$D$159,$C39,'08'!S$7:S$159) | ... W40: =SUMIF('02'!$D$7:$D$159,$C39,'02'!Y$7:Y$159)+SUMIF('03'!$D$7:$D$159,$C39,'03'!Y$7:Y$159)+SUMIF('04'!$D$7:$D$159,$C39,'04'!Y$7:Y$159)+SUMIF('05'!$D$7:$D$159,$C39,'05'!Y$7:Y$159)+SUMIF('06'!$D$7:$D$159,$C39,'06'!Y$7:Y$159)+SUMIF('07'!$D$7:$D$159,$C39,'07'!Y$7:Y$159)+SUMIF('08'!$D$7:$D$159,$C39,'08'!Y$7:Y$159) | X40: =SUM(J40:W40)
A41: =IF(OR(C41="0",COUNTIF(КлючВесна,C41)>1),0,MATCH(F41,ВидыНагр,0)) | B41: =(COUNTA(D41:F42,J41:W41,H41:I42)=0) | C41: =IF(OR(TRIM(D41)="",COUNTIF(ВидыНагр,F41)<>1),"0",CONCATENATE("$",TRIM(D41),"$",TRIM(E41),"$",F41,"$")) | G41: план | X41: =SUM(J41:W41) | Y41: =X42-X41
